-- phpMyAdmin SQL Dump
-- version 4.1.14
-- http://www.phpmyadmin.net
--
-- Host: 127.0.0.1
-- Generation Time: 2016-03-03 00:51:16
-- 服务器版本： 5.6.17
-- PHP Version: 5.5.12

SET SQL_MODE = "NO_AUTO_VALUE_ON_ZERO";
SET time_zone = "+00:00";


/*!40101 SET @OLD_CHARACTER_SET_CLIENT=@@CHARACTER_SET_CLIENT */;
/*!40101 SET @OLD_CHARACTER_SET_RESULTS=@@CHARACTER_SET_RESULTS */;
/*!40101 SET @OLD_COLLATION_CONNECTION=@@COLLATION_CONNECTION */;
/*!40101 SET NAMES utf8 */;

--
-- Database: `new_baguawu`
--

-- --------------------------------------------------------

--
-- 表的结构 `bgw_banner`
--

CREATE TABLE IF NOT EXISTS `bgw_banner` (
  `bid` int(11) NOT NULL AUTO_INCREMENT COMMENT '轮播图id',
  `b_title` varchar(50) DEFAULT NULL COMMENT 'banner标题',
  `b_min_img_path` varchar(255) DEFAULT NULL COMMENT '小图地址',
  `b_img_path` varchar(255) DEFAULT NULL COMMENT '大图地址',
  `sort` int(11) DEFAULT NULL COMMENT '优先级',
  `status` tinyint(4) DEFAULT '1' COMMENT '0不显示，1显示',
  `addtime` int(11) DEFAULT NULL COMMENT '添加时间',
  PRIMARY KEY (`bid`)
) ENGINE=InnoDB DEFAULT CHARSET=utf8 AUTO_INCREMENT=1 ;

-- --------------------------------------------------------

--
-- 表的结构 `bgw_brand`
--

CREATE TABLE IF NOT EXISTS `bgw_brand` (
  `bid` int(11) NOT NULL AUTO_INCREMENT COMMENT '品牌id',
  `b_name` varchar(20) NOT NULL COMMENT '品牌名称',
  `b_img` varchar(255) NOT NULL COMMENT '品牌图片',
  `b_href` varchar(255) NOT NULL COMMENT '品牌跳转地址',
  `b_sort` tinyint(4) NOT NULL COMMENT '优先级，大到小',
  `b_status` tinyint(4) NOT NULL DEFAULT '0' COMMENT '0-关闭，1-开启',
  `b_addtime` int(11) NOT NULL COMMENT '添加时间',
  PRIMARY KEY (`bid`)
) ENGINE=InnoDB DEFAULT CHARSET=utf8 AUTO_INCREMENT=1 ;

-- --------------------------------------------------------

--
-- 表的结构 `bgw_cart`
--

CREATE TABLE IF NOT EXISTS `bgw_cart` (
  `cid` int(11) NOT NULL AUTO_INCREMENT COMMENT '自增id',
  `uid` int(11) DEFAULT NULL COMMENT '用户id',
  `gid` int(11) DEFAULT NULL COMMENT '商品id',
  `addtime` int(11) DEFAULT NULL COMMENT '添加时间',
  PRIMARY KEY (`cid`)
) ENGINE=InnoDB DEFAULT CHARSET=utf8 AUTO_INCREMENT=1 ;

-- --------------------------------------------------------

--
-- 表的结构 `bgw_category`
--

CREATE TABLE IF NOT EXISTS `bgw_category` (
  `cid` smallint(5) unsigned NOT NULL AUTO_INCREMENT COMMENT '栏目id',
  `c_name` varchar(25) NOT NULL COMMENT '栏目名',
  `pid` smallint(6) NOT NULL COMMENT '父级id',
  `c_status` tinyint(4) NOT NULL COMMENT '是否上架 0隐藏 1显示',
  `c_position` tinyint(4) NOT NULL COMMENT '位置id',
  `c_sort` tinyint(4) NOT NULL COMMENT '优先级',
  `c_addtime` int(11) NOT NULL COMMENT '添加时间',
  PRIMARY KEY (`cid`)
) ENGINE=MyISAM  DEFAULT CHARSET=utf8 AUTO_INCREMENT=18 ;

--
-- 转存表中的数据 `bgw_category`
--

INSERT INTO `bgw_category` (`cid`, `c_name`, `pid`, `c_status`, `c_position`, `c_sort`, `c_addtime`) VALUES
(1, '今日特惠', 0, 1, 1, 0, 0),
(2, '时尚韩版女装', 0, 1, 1, 0, 0),
(3, '潮流酷(裤)', 0, 1, 1, 0, 0),
(4, '天真有鞋', 0, 1, 1, 0, 0),
(5, '品牌汇', 0, 1, 3, 0, 0),
(6, '精选店铺', 0, 1, 4, 0, 0),
(7, '上衣', 0, 1, 6, 0, 0),
(9, '连衣裙', 7, 1, 6, 0, 0),
(8, '针织衫', 7, 1, 6, 0, 0),
(10, '裤子', 0, 1, 8, 0, 0),
(11, '休闲裤', 10, 1, 8, 0, 0),
(12, '牛仔裤', 10, 1, 8, 0, 0),
(13, '打底裤', 10, 1, 8, 0, 0),
(14, '卦卦推荐', 0, 1, 5, 0, 0),
(15, '随衣搭配', 0, 1, 9, 0, 0),
(16, '美容装', 0, 1, 7, 0, 0),
(17, '外套', 7, 1, 6, 0, 0);

-- --------------------------------------------------------

--
-- 表的结构 `bgw_goods`
--

CREATE TABLE IF NOT EXISTS `bgw_goods` (
  `gid` int(11) NOT NULL AUTO_INCREMENT COMMENT '商品ID',
  `title` varchar(50) NOT NULL COMMENT '商品标题',
  `new_price` decimal(10,0) NOT NULL COMMENT '商品最新价格',
  `old_price` decimal(10,0) NOT NULL COMMENT '商品原价',
  `min_img_path` varchar(255) NOT NULL COMMENT 'wap图片',
  `img_path` varchar(255) NOT NULL COMMENT '原图',
  `href_path` varchar(255) NOT NULL COMMENT '跳转地址',
  `is_display` tinyint(4) NOT NULL DEFAULT '1' COMMENT '是否显示',
  `addtime` int(11) NOT NULL COMMENT '上架时间',
  `money` decimal(10,0) NOT NULL DEFAULT '0' COMMENT '预计返现',
  `sort` int(11) NOT NULL COMMENT '是否优先展示',
  `goods_num` varchar(20) DEFAULT '0',
  `cid` int(11) NOT NULL DEFAULT '1',
  PRIMARY KEY (`gid`)
) ENGINE=InnoDB  DEFAULT CHARSET=utf8 AUTO_INCREMENT=131 ;

--
-- 转存表中的数据 `bgw_goods`
--

INSERT INTO `bgw_goods` (`gid`, `title`, `new_price`, `old_price`, `min_img_path`, `img_path`, `href_path`, `is_display`, `addtime`, `money`, `sort`, `goods_num`, `cid`) VALUES
(1, '柏惠信子童装2016女童春装韩版黑白时尚裙中大童女孩儿童两件套装', '89', '181', 'Uploads/thumb/2016-02-28/0.93140600 1456663069.jpg', 'Uploads/images/2016-02-28/0.93140600 1456663069.jpg', 'http://s.click.taobao.com/t?e=m%3D2%26s%3DyDLJecaeYoocQipKwQzePOeEDrYVVa64K7Vc7tFgwiHjf2vlNIV67iSPhcs7V1bIwSB8%2FImevICrEhpkuGn0OcHUXd%2BjTogB1%2FsVzflvh03ljr4QGBUROhdsa4NuEn4IWLNKYSDwob0xSz48%2BueG78YMXU3NNCg%2F&pvid=11_27.38.9.129_425_1456659257462', 1, 1456663070, '10', 0, '521264840464', 1),
(2, '安踏童装 男童装中大童春装薄款套头圆领卫衣儿童男装小孩衣服', '109', '169', 'Uploads/thumb/2016-02-28/0.23236600 1456663070.jpg', 'Uploads/images/2016-02-28/0.23236600 1456663070.jpg', 'http://s.click.taobao.com/t?e=m%3D2%26s%3Dc4SOQ%2B24QlEcQipKwQzePOeEDrYVVa64K7Vc7tFgwiHjf2vlNIV67iSPhcs7V1bIwSB8%2FImevICrEhpkuGn0OcHUXd%2BjTogB1%2FsVzflvh01UwmEI0FVwg3NouEpWOC4Qfc9Bs%2F0rzywnNxkskkC1c3EqY%2Bakgpmw&pvid=11_27.38.9.129_425_1456659257462', 1, 1456663070, '2', 0, '43548468386', 1),
(3, '童装女童春装2016新款儿童运动套装两件套宝宝卫衣秋冬款韩版休闲', '96', '178', 'Uploads/thumb/2016-02-28/0.71308900 1456663071.jpg', 'Uploads/images/2016-02-28/0.71308900 1456663071.jpg', 'http://s.click.taobao.com/t?e=m%3D2%26s%3D82CcfZHVowscQipKwQzePOeEDrYVVa64K7Vc7tFgwiHjf2vlNIV67iSPhcs7V1bIwSB8%2FImevICrEhpkuGn0OcHUXd%2BjTogB1%2FsVzflvh01UwmEI0FVwg83%2FXYMdli470hQgIjUtsBnJPu3MG9hpzsYMXU3NNCg%2F&pvid=11_27.38.9.129_425_1456659257462', 1, 1456663071, '2', 0, '520556440389', 1),
(4, '柏惠信子童装2016春秋装连衣裙长袖儿童韩版加绒加厚女童公主裙冬', '88', '173', 'Uploads/thumb/2016-02-28/0.51464600 1456663072.jpg', 'Uploads/images/2016-02-28/0.51464600 1456663072.jpg', 'http://s.click.taobao.com/t?e=m%3D2%26s%3Dn4%2BDKISd2H4cQipKwQzePOeEDrYVVa64K7Vc7tFgwiHjf2vlNIV67iSPhcs7V1bIwSB8%2FImevICrEhpkuGn0OcHUXd%2BjTogB1%2FsVzflvh03ljr4QGBUROhdsa4NuEn4ICwtN35DtMYudBF0vgk6KWcYMXU3NNCg%2F&pvid=11_27.38.9.129_425_1456659257462', 1, 1456663072, '10', 0, '522555642997', 1),
(5, '安塞尔斯童装2015儿童男童冬套装宝宝运动休闲连帽衫新款婴儿衣服', '159', '220', 'Uploads/thumb/2016-02-28/0.91993900 1456663072.jpg', 'Uploads/images/2016-02-28/0.91993900 1456663072.jpg', 'http://s.click.taobao.com/t?e=m%3D2%26s%3DUqhjrT8XuBwcQipKwQzePOeEDrYVVa64K7Vc7tFgwiHjf2vlNIV67iSPhcs7V1bIwSB8%2FImevICrEhpkuGn0OcHUXd%2BjTogB1%2FsVzflvh03PVoEML%2BRmVoDN%2FT8LVIinobfcDg0r82JO0vpgjVNcgHEqY%2Bakgpmw&pvid=11_27.38.9.129_425_1456659257462', 1, 1456663073, '2', 0, '523928220181', 1),
(6, '童装女童羽绒服中长款正品加厚2015冬装韩版中大童儿童毛领外套潮', '269', '336', 'Uploads/thumb/2016-02-28/0.47872100 1456663073.jpg', 'Uploads/images/2016-02-28/0.47872100 1456663073.jpg', 'http://s.click.taobao.com/t?e=m%3D2%26s%3DTXQaP2TTm9gcQipKwQzePOeEDrYVVa64K7Vc7tFgwiHjf2vlNIV67iSPhcs7V1bIwSB8%2FImevICrEhpkuGn0OcHUXd%2BjTogB1%2FsVzflvh03ljr4QGBUROmePp22EJwEKgVEyzavhw3G1b4xV0kqK88YMXU3NNCg%2F&pvid=11_27.38.9.129_425_1456659257462', 1, 1456663073, '3', 0, '524764114414', 1),
(7, '草莓南瓜亲子装2016新款母女装冬装外套呢料韩版长袖大衣童装女童', '299', '366', 'Uploads/thumb/2016-02-28/0.93116400 1456663073.jpg', 'Uploads/images/2016-02-28/0.93116400 1456663073.jpg', 'http://s.click.taobao.com/t?e=m%3D2%26s%3DX3WZiW9kVEUcQipKwQzePOeEDrYVVa64K7Vc7tFgwiHjf2vlNIV67iSPhcs7V1bIwSB8%2FImevICrEhpkuGn0OcHUXd%2BjTogB1%2FsVzflvh01UwmEI0FVwgxp7fH%2FdHX%2Bj8MFKTTt3Ld5zJIKg1EDdl8YMXU3NNCg%2F&pvid=11_27.38.9.129_425_1456659257462', 1, 1456663074, '3', 0, '522835793383', 2),
(8, '童装女童棉衣外套2015新款冬装中长款儿童棉服中大童加厚保暖棉袄', '100', '172', 'Uploads/thumb/2016-02-28/0.54111000 1456663074.jpg', 'Uploads/images/2016-02-28/0.54111000 1456663074.jpg', 'http://s.click.taobao.com/t?e=m%3D2%26s%3DrFQHPjUgdmscQipKwQzePOeEDrYVVa64K7Vc7tFgwiHjf2vlNIV67iSPhcs7V1bIwSB8%2FImevICrEhpkuGn0OcHUXd%2BjTogB1%2FsVzflvh01UwmEI0FVwg%2FWZFwPpd4jOEJ7EgK0LqmqDrgQ3pfjlbsYMXU3NNCg%2F&pvid=11_27.38.9.129_425_1456659257462', 1, 1456663074, '2', 0, '523008131568', 2),
(9, '童装男童春装套装中大童儿童长袖休闲两件套2016春季新款运动服潮', '109', '174', 'Uploads/thumb/2016-02-28/0.98251800 1456663074.jpg', 'Uploads/images/2016-02-28/0.98251800 1456663074.jpg', 'http://s.click.taobao.com/t?e=m%3D2%26s%3Dg7BP6Dqq5OwcQipKwQzePOeEDrYVVa64K7Vc7tFgwiHjf2vlNIV67iSPhcs7V1bIwSB8%2FImevICrEhpkuGn0OcHUXd%2BjTogB1%2FsVzflvh01UwmEI0FVwg44t156R%2FWIqo4j5TSg3xvSDGBrqMfwRhcYMXU3NNCg%2F&pvid=11_27.38.9.129_425_1456659257462', 1, 1456663075, '17', 0, '526040555772', 2),
(10, '卡咪蛙2016新款女童春秋装连衣裙小女孩童装长袖公主裙子A字裙', '128', '232', 'Uploads/thumb/2016-02-28/0.86533400 1456663075.jpg', 'Uploads/images/2016-02-28/0.86533400 1456663075.jpg', 'http://s.click.taobao.com/t?e=m%3D2%26s%3DAi7dXwPw6HgcQipKwQzePOeEDrYVVa64K7Vc7tFgwiHjf2vlNIV67iSPhcs7V1bIwSB8%2FImevICrEhpkuGn0OcHUXd%2BjTogB1%2FsVzflvh03ljr4QGBUROvuQIN%2BmpIYTKWk7ULRXmTvMXtvNrSbiGcYMXU3NNCg%2F&pvid=11_27.38.9.129_425_1456659257462', 1, 1456663076, '12', 0, '521115833141', 2),
(11, '优乐贝儿2016新款童装女童春装连衣裙韩版儿童裙子春秋女童公主裙', '108', '200', 'Uploads/thumb/2016-02-28/0.61572800 1456663076.jpg', 'Uploads/images/2016-02-28/0.61572800 1456663076.jpg', 'http://s.click.taobao.com/t?e=m%3D2%26s%3DgcziVa65THUcQipKwQzePOeEDrYVVa64K7Vc7tFgwiHjf2vlNIV67iSPhcs7V1bIwSB8%2FImevICrEhpkuGn0OcHUXd%2BjTogB1%2FsVzflvh03aEOX2o7SI1wNwWoPGVS3A1lBifgUkhpAVGocLTWCGJyGFCzYOOqAQ&pvid=11_27.38.9.129_425_1456659257462', 1, 1456663076, '10', 0, '40055721756', 2),
(12, 'Eland Kids衣恋韩国童装美式校园女童外套', '494', '579', 'Uploads/thumb/2016-02-28/0.03707200 1456663077.jpg', 'Uploads/images/2016-02-28/0.03707200 1456663077.jpg', 'http://s.click.taobao.com/t?e=m%3D2%26s%3DM9k2%2Fb1iskIcQipKwQzePOeEDrYVVa64K7Vc7tFgwiHjf2vlNIV67iSPhcs7V1bIwSB8%2FImevICrEhpkuGn0OcHUXd%2BjTogB1%2FsVzflvh01UwmEI0FVwg9dW4Ytt1k7WZzBMamrgkQtbX%2BNoDjyJvcYMXU3NNCg%2F&pvid=11_27.38.9.129_425_1456659257462', 1, 1456663077, '6', 0, '522578702562', 2),
(13, '童装15新款男童羽绒服短款特价儿童加厚保暖外套韩版潮中大童冬装', '178', '262', 'Uploads/thumb/2016-02-28/0.98609900 1456663077.jpg', 'Uploads/images/2016-02-28/0.98609900 1456663077.jpg', 'http://s.click.taobao.com/t?e=m%3D2%26s%3DwwNIuNfAecYcQipKwQzePOeEDrYVVa64K7Vc7tFgwiHjf2vlNIV67iSPhcs7V1bIwSB8%2FImevICrEhpkuGn0OcHUXd%2BjTogB1%2FsVzflvh01UwmEI0FVwg%2BmsFOkyVYb0acJ7aA6TUiJCEMgc34yW3XEqY%2Bakgpmw&pvid=11_27.38.9.129_425_1456659257462', 1, 1456663078, '2', 0, '41307475777', 2),
(14, '童装男童棉衣中长款韩版儿童外套加厚中大童冬装棉袄男孩棉服2015', '158', '262', 'Uploads/thumb/2016-02-28/0.35728300 1456663078.jpg', 'Uploads/images/2016-02-28/0.35728300 1456663078.jpg', 'http://s.click.taobao.com/t?e=m%3D2%26s%3Dk68zL3qxU8IcQipKwQzePOeEDrYVVa64K7Vc7tFgwiHjf2vlNIV67iSPhcs7V1bIwSB8%2FImevICrEhpkuGn0OcHUXd%2BjTogB1%2FsVzflvh01UwmEI0FVwg1aA4yczqLUqoglC9VfhDh8Qc5RNmPaSt8YMXU3NNCg%2F&pvid=11_27.38.9.129_425_1456659257462', 1, 1456663078, '2', 0, '523750903697', 3),
(15, '船鼠女童加绒连衣裙长袖高领加厚韩版童装儿童裙子绒绒裙宝宝冬裙', '119', '193', 'Uploads/thumb/2016-02-28/0.90703600 1456663078.jpg', 'Uploads/images/2016-02-28/0.90703600 1456663078.jpg', 'http://s.click.taobao.com/t?e=m%3D2%26s%3DwYGBlM5Rsq0cQipKwQzePOeEDrYVVa64K7Vc7tFgwiHjf2vlNIV67iSPhcs7V1bIwSB8%2FImevICrEhpkuGn0OcHUXd%2BjTogB1%2FsVzflvh01UwmEI0FVwg%2BEbZIf6G0pasKUoQ6zMNpfcg3ZOO8OE7cYMXU3NNCg%2F&pvid=11_27.38.9.129_425_1456659257462', 1, 1456663079, '2', 0, '523749586873', 3),
(16, '童装男童春装外套2016新款春秋装男大童牛仔风衣儿童中长款外套潮', '90', '186', 'Uploads/thumb/2016-02-28/0.60325700 1456663079.jpg', 'Uploads/images/2016-02-28/0.60325700 1456663079.jpg', 'http://s.click.taobao.com/t?e=m%3D2%26s%3D4MVtvE%2FWsRMcQipKwQzePOeEDrYVVa64K7Vc7tFgwiHjf2vlNIV67iSPhcs7V1bIwSB8%2FImevICrEhpkuGn0OcHUXd%2BjTogB1%2FsVzflvh03ljr4QGBUROhxwfg7lCx0LXaATXt2h66%2FUBexZNN0EuXEqY%2Bakgpmw&pvid=11_27.38.9.129_425_1456659257462', 1, 1456663079, '2', 0, '43759731794', 3),
(17, '要要童装女童牛仔裤2016春款儿童牛仔长裤子中大童修身绣花牛仔裤', '89', '161', 'Uploads/thumb/2016-02-28/0.53924300 1456663080.jpg', 'Uploads/images/2016-02-28/0.53924300 1456663080.jpg', 'http://s.click.taobao.com/t?e=m%3D2%26s%3Dc6YB5M6NLUIcQipKwQzePOeEDrYVVa64K7Vc7tFgwiHjf2vlNIV67iSPhcs7V1bIwSB8%2FImevICrEhpkuGn0OcHUXd%2BjTogB1%2FsVzflvh01rW1cppaAEqzeq0bQshO%2FSYGeefI0j4AiJat8RdDbnRXEqY%2Bakgpmw&pvid=11_27.38.9.129_425_1456659257462', 1, 1456663080, '3', 0, '525593546789', 3),
(18, '沐之羽2015新款童装秋冬装女童真貉子毛领90%白鸭绒中长款羽绒服', '229', '309', 'Uploads/thumb/2016-02-28/0.29766200 1456663081.jpg', 'Uploads/images/2016-02-28/0.29766200 1456663081.jpg', 'http://s.click.taobao.com/t?e=m%3D2%26s%3D4%2B9VCWol1lUcQipKwQzePOeEDrYVVa64K7Vc7tFgwiHjf2vlNIV67iSPhcs7V1bIwSB8%2FImevICrEhpkuGn0OcHUXd%2BjTogB1%2FsVzflvh01UwmEI0FVwg9m9ISNHLzLNeS7kUr%2FlUwBNFQ3fquOK5MYMXU3NNCg%2F&pvid=11_27.38.9.129_425_1456659257462', 1, 1456663081, '7', 0, '522158269274', 3),
(19, '童装女童冬装2015款儿童卫衣三件套装加绒加厚0-1-2-3-4-8岁宝宝', '129', '236', 'Uploads/thumb/2016-02-28/0.61768300 1456663081.jpg', 'Uploads/images/2016-02-28/0.61768300 1456663081.jpg', 'http://s.click.taobao.com/t?e=m%3D2%26s%3D3yJMuUccuZgcQipKwQzePOeEDrYVVa64K7Vc7tFgwiHjf2vlNIV67iSPhcs7V1bIwSB8%2FImevICrEhpkuGn0OcHUXd%2BjTogB1%2FsVzflvh01UwmEI0FVwg83%2FXYMdli47dWsejLoZQV6h7kUHI9v%2B6MYMXU3NNCg%2F&pvid=11_27.38.9.129_425_1456659257462', 1, 1456663081, '2', 0, '521896170661', 3),
(20, '童装男童外套2015新款秋冬装儿童中大童冲锋衣三合一加绒两件套厚', '188', '291', 'Uploads/thumb/2016-02-28/0.37208900 1456663082.jpg', 'Uploads/images/2016-02-28/0.37208900 1456663082.jpg', 'http://s.click.taobao.com/t?e=m%3D2%26s%3DVAIJexEDhR4cQipKwQzePOeEDrYVVa64K7Vc7tFgwiHjf2vlNIV67iSPhcs7V1bIwSB8%2FImevICrEhpkuGn0OcHUXd%2BjTogB1%2FsVzflvh03ljr4QGBUROsa6sDy3GKxwLxmFewLDLbk69bMvRDIY9XEqY%2Bakgpmw&pvid=11_27.38.9.129_425_1456659257462', 1, 1456663082, '2', 0, '41222565651', 3),
(21, '滴滴雨两面穿女童棉衣中大童中长款女童外套2015新款女童装冬季', '135', '244', 'Uploads/thumb/2016-02-28/0.07031600 1456663083.jpg', 'Uploads/images/2016-02-28/0.07031600 1456663083.jpg', 'http://s.click.taobao.com/t?e=m%3D2%26s%3DVjz%2BG80N39ocQipKwQzePOeEDrYVVa64K7Vc7tFgwiHjf2vlNIV67iSPhcs7V1bIwSB8%2FImevICrEhpkuGn0OcHUXd%2BjTogB1%2FsVzflvh01UwmEI0FVwg7aOfgg%2FX%2FZQQNeJ%2BUGQA8U8awT%2BaDCBXsYMXU3NNCg%2F&pvid=11_27.38.9.129_425_1456659257', 1, 1456663083, '3', 0, '522720660862', 4),
(22, '新款儿童礼服女秋冬长袖公主裙童装女花童礼服连衣裙女童婚纱长款', '158', '226', 'Uploads/thumb/2016-02-28/0.77155300 1456663083.jpg', 'Uploads/images/2016-02-28/0.77155300 1456663083.jpg', 'http://s.click.taobao.com/t?e=m%3D2%26s%3D7m1dC%2FnCAWUcQipKwQzePOeEDrYVVa64K7Vc7tFgwiHjf2vlNIV67iSPhcs7V1bIwSB8%2FImevICrEhpkuGn0OcHUXd%2BjTogB1%2FsVzflvh03ljr4QGBUROtRaEqJRZkY6CW5FQ5SbNeBGoy6%2FRfEoacYMXU3NNCg%2F&pvid=11_27.38.9.129_425_1456659257462', 1, 1456663083, '3', 0, '522128353910', 4),
(23, '童装男童棉衣外套2015冬装新款中大儿童加厚蜘蛛侠棉袄棉服上衣潮', '158', '263', 'Uploads/thumb/2016-02-28/0.97238400 1456663084.jpg', 'Uploads/images/2016-02-28/0.97238400 1456663084.jpg', 'http://s.click.taobao.com/t?e=m%3D2%26s%3DGog5YPWzJjIcQipKwQzePOeEDrYVVa64K7Vc7tFgwiHjf2vlNIV67iSPhcs7V1bIwSB8%2FImevICrEhpkuGn0OcHUXd%2BjTogB1%2FsVzflvh01UwmEI0FVwg4QjwDKrFf%2F0nZiFCFX%2F4asweghQZEFJG8YMXU3NNCg%2F&pvid=11_27.38.9.129_425_1456659257462', 1, 1456663085, '2', 0, '524692861483', 4),
(24, '男童套装8春款3蜘蛛侠童装5春秋装4儿童卫衣6运动9小孩衣服11周岁', '88', '169', 'Uploads/thumb/2016-02-28/0.76992800 1456663085.jpg', 'Uploads/images/2016-02-28/0.76992800 1456663085.jpg', 'http://s.click.taobao.com/t?e=m%3D2%26s%3DJoLyxPEcInEcQipKwQzePOeEDrYVVa64K7Vc7tFgwiHjf2vlNIV67iSPhcs7V1bIwSB8%2FImevICrEhpkuGn0OcHUXd%2BjTogB1%2FsVzflvh03ljr4QGBUROsINx4CrMMBue9IEDp1U6jUb3zJncnjSTsYMXU3NNCg%2F&pvid=11_27.38.9.129_425_1456659257462', 1, 1456663085, '2', 0, '522624973096', 4),
(25, '唯思凡童装男童秋装2015新款上衣儿童加绒外套中大童秋季开衫外衣', '100', '199', 'Uploads/thumb/2016-02-28/0.73099300 1456663086.jpg', 'Uploads/images/2016-02-28/0.73099300 1456663086.jpg', 'http://s.click.taobao.com/t?e=m%3D2%26s%3D7f6RdSYMcnIcQipKwQzePOeEDrYVVa64K7Vc7tFgwiHjf2vlNIV67iSPhcs7V1bIwSB8%2FImevICrEhpkuGn0OcHUXd%2BjTogB1%2FsVzflvh01%2F19%2Bw3n1XWmOVKBFTtFYu5bkw8k4KdSwYlkVhsDzmwHEqY%2Bakgpmw&pvid=11_27.38.9.129_425_1456659257462', 1, 1456663086, '2', 0, '520893787068', 4),
(26, '男童加厚棉服外套儿童短款大童棉衣冬季2015新款羽绒棉袄童装冬装', '89', '168', 'Uploads/thumb/2016-02-28/0.31786500 1456663087.jpg', 'Uploads/images/2016-02-28/0.31786500 1456663087.jpg', 'http://s.click.taobao.com/t?e=m%3D2%26s%3DGLG5t7slnA8cQipKwQzePOeEDrYVVa64K7Vc7tFgwiHjf2vlNIV67iSPhcs7V1bIwSB8%2FImevICrEhpkuGn0OcHUXd%2BjTogB1%2FsVzflvh03ljr4QGBUROmplvVblbX1bOw0pIOKVRSYG1PLbPLezlcYMXU3NNCg%2F&pvid=11_27.38.9.129_425_1456659257462', 1, 1456663087, '10', 0, '522863111279', 4),
(27, '童装女童春装2016新款韩版春季中大童长袖儿童宝宝休闲运动套装潮', '99', '161', 'Uploads/thumb/2016-02-28/0.02311500 1456663088.jpg', 'Uploads/images/2016-02-28/0.02311500 1456663088.jpg', 'http://s.click.taobao.com/t?e=m%3D2%26s%3DCkXrO7tCkLUcQipKwQzePOeEDrYVVa64K7Vc7tFgwiHjf2vlNIV67iSPhcs7V1bIwSB8%2FImevICrEhpkuGn0OcHUXd%2BjTogB1%2FsVzflvh03PVoEML%2BRmVmXGDyYaVadd6kaI3gwW1JeF4iRQ%2F5xzi3EqY%2Bakgpmw&pvid=11_27.38.9.129_425_1456659257462', 1, 1456663088, '3', 0, '520510911459', 4),
(28, '男童春装外套上衣新款童装男孩春秋加绒儿童冲锋衣两件套中大童', '99', '176', 'Uploads/thumb/2016-02-28/0.67318800 1456663088.jpg', 'Uploads/images/2016-02-28/0.67318800 1456663088.jpg', 'http://s.click.taobao.com/t?e=m%3D2%26s%3DwZ09hB55r1scQipKwQzePOeEDrYVVa64K7Vc7tFgwiHjf2vlNIV67iSPhcs7V1bIwSB8%2FImevICrEhpkuGn0OcHUXd%2BjTogB1%2FsVzflvh01UwmEI0FVwgxXOdMoAlGMqKN25acCUJw0pUdpAB944xMYMXU3NNCg%2F&pvid=11_27.38.9.129_425_1456659257462', 1, 1456663088, '2', 0, '520937280469', 5),
(29, '童装女童连衣裙春秋2016春装新款中大童女装公主裙儿童纱裙短裙子', '109', '180', 'Uploads/thumb/2016-02-28/0.57907800 1456663089.jpg', 'Uploads/images/2016-02-28/0.57907800 1456663089.jpg', 'http://s.click.taobao.com/t?e=m%3D2%26s%3Dk7NSm6FEDUMcQipKwQzePOeEDrYVVa64K7Vc7tFgwiHjf2vlNIV67iSPhcs7V1bIwSB8%2FImevICrEhpkuGn0OcHUXd%2BjTogB1%2FsVzflvh03ljr4QGBUROgwCbUXR3O%2BKT7uU2eGdMKQd%2BbOXj%2BlA7MYMXU3NNCg%2F&pvid=11_27.38.9.129_425_1456659257462', 1, 1456663090, '2', 0, '525480632682', 5),
(30, '促M&amp;S/马莎童装 男婴0至2岁3件装纯棉连体衣睡衣T780192G', '199', '297', 'Uploads/thumb/2016-02-28/0.37361200 1456663090.jpg', 'Uploads/images/2016-02-28/0.37361200 1456663090.jpg', 'http://s.click.taobao.com/t?e=m%3D2%26s%3Dl3%2FCEM31JD0cQipKwQzePOeEDrYVVa64K7Vc7tFgwiHjf2vlNIV67iSPhcs7V1bIwSB8%2FImevICrEhpkuGn0OcHUXd%2BjTogB1%2FsVzflvh03ljr4QGBUROhntMknl2P7jorixrQycaQJnQBLlyeLyQMYMXU3NNCg%2F&pvid=11_27.38.9.129_425_1456659257462', 1, 1456663090, '3', 0, '523176578905', 5),
(31, '2015秋冬季女童装上衣棉袄潮女大童中长款儿童外套中大童加厚棉衣', '159', '255', 'Uploads/thumb/2016-02-28/0.37681200 1456663091.jpg', 'Uploads/images/2016-02-28/0.37681200 1456663091.jpg', 'http://s.click.taobao.com/t?e=m%3D2%26s%3DEVTZsgsBEjQcQipKwQzePOeEDrYVVa64K7Vc7tFgwiHjf2vlNIV67iSPhcs7V1bIwSB8%2FImevICrEhpkuGn0OcHUXd%2BjTogB1%2FsVzflvh01UwmEI0FVwg%2BrUVWiVNSCvv2tBt3LsLFZJ%2BWSHUQiNaMYMXU3NNCg%2F&pvid=11_27.38.9.129_425_1456659257462', 1, 1456663091, '2', 0, '525049021640', 5),
(32, '迷鹿缘 三层加厚加绒儿童驼绒棉裤男童裤童装女童宝宝羊毛裤冬', '119', '184', 'Uploads/thumb/2016-02-28/0.45224300 1456663092.jpg', 'Uploads/images/2016-02-28/0.45224300 1456663092.jpg', 'http://s.click.taobao.com/t?e=m%3D2%26s%3DNC6wgKlYB7kcQipKwQzePOeEDrYVVa64K7Vc7tFgwiHjf2vlNIV67iSPhcs7V1bIwSB8%2FImevICrEhpkuGn0OcHUXd%2BjTogB1%2FsVzflvh03ljr4QGBUROoiDi0Gp969%2BStD%2Bs9IAiioASjkNGYjUdSGFCzYOOqAQ&pvid=11_27.38.9.129_425_1456659257462', 1, 1456663092, '7', 0, '36503523374', 5),
(33, '美妃2016春夏新品亲子装母女装甜美可人连衣裙长裙童装QZX6563-1', '258', '340', 'Uploads/thumb/2016-02-28/0.66310500 1456663093.jpg', 'Uploads/images/2016-02-28/0.66310500 1456663093.jpg', 'http://s.click.taobao.com/t?e=m%3D2%26s%3DLadvLotJf%2B8cQipKwQzePOeEDrYVVa64K7Vc7tFgwiHjf2vlNIV67iSPhcs7V1bIwSB8%2FImevICrEhpkuGn0OcHUXd%2BjTogB1%2FsVzflvh01lutpqQFssR0LMS%2FxkrdqclqG7bGtwkx53sYHc0nTsVHEqY%2Bakgpmw&pvid=11_27.38.9.129_425_1456659257462', 1, 1456663093, '3', 0, '520903861637', 5),
(34, '小魔星童装女童大衣2015秋冬装新款中长款加厚中大童羊毛呢子外套', '199', '286', 'Uploads/thumb/2016-02-28/0.39343500 1456663094.jpg', 'Uploads/images/2016-02-28/0.39343500 1456663094.jpg', 'http://s.click.taobao.com/t?e=m%3D2%26s%3Dub8wDGT7qzocQipKwQzePOeEDrYVVa64K7Vc7tFgwiHjf2vlNIV67iSPhcs7V1bIPLNzIt%2Fz56irEhpkuGn0OcHUXd%2BjTogB1%2FsVzflvh03aEOX2o7SI17DiOO53%2FDUCaDSycqEPoP5CEhxyh89QaiGFCzYOOqAQ&pvid=11_27.38.9.129_425_1456659257462', 1, 1456663094, '2', 0, '41781027401', 5),
(35, '童装女童棉衣冬装2015新款儿童pu上衣棉袄中大童毛领皮衣加厚外套', '229', '326', 'Uploads/thumb/2016-02-28/0.92814000 1456663094.jpg', 'Uploads/images/2016-02-28/0.92814000 1456663094.jpg', 'http://s.click.taobao.com/t?e=m%3D2%26s%3D1c9rbWathEYcQipKwQzePOeEDrYVVa64K7Vc7tFgwiHjf2vlNIV67iSPhcs7V1bIPLNzIt%2Fz56irEhpkuGn0OcHUXd%2BjTogB1%2FsVzflvh01UwmEI0FVwg1aA4yczqLUqkWdB8P1fZ6IJ1QfT85xB3sYMXU3NNCg%2F&pvid=11_27.38.9.129_425_1456659257462', 1, 1456663095, '3', 0, '525016396229', 6),
(36, '2015新款儿童棉衣外套男童冬装棉袄中大童加厚棉服男孩休闲童装潮', '118', '212', 'Uploads/thumb/2016-02-28/0.27424400 1456663095.jpg', 'Uploads/images/2016-02-28/0.27424400 1456663095.jpg', 'http://s.click.taobao.com/t?e=m%3D2%26s%3DVDEcovzbF7EcQipKwQzePOeEDrYVVa64K7Vc7tFgwiHjf2vlNIV67iSPhcs7V1bIPLNzIt%2Fz56irEhpkuGn0OcHUXd%2BjTogB1%2FsVzflvh01UwmEI0FVwgzJXiuSenktyi7wKYnRsXe7NKX5H%2F%2Bt8WMYMXU3NNCg%2F&pvid=11_27.38.9.129_425_1456659257462', 1, 1456663095, '3', 0, '522079691821', 6),
(37, '婴儿衣服裙子童装婴幼童女童百天周岁礼服2016春装毛衣连衣裙纯棉', '128', '188', 'Uploads/thumb/2016-02-28/0.67652800 1456663095.jpg', 'Uploads/images/2016-02-28/0.67652800 1456663095.jpg', 'http://s.click.taobao.com/t?e=m%3D2%26s%3DgEoyHpydQOQcQipKwQzePOeEDrYVVa64K7Vc7tFgwiHjf2vlNIV67iSPhcs7V1bIPLNzIt%2Fz56irEhpkuGn0OcHUXd%2BjTogB1%2FsVzflvh01UwmEI0FVwg6asgP0fHlwE1pyCz7s7kkl7ABNzotGDOcYMXU3NNCg%2F&pvid=11_27.38.9.129_425_1456659257462', 1, 1456663095, '2', 0, '521662901678', 6),
(38, '童装女童冬装2015新款三件套儿童加绒加厚小孩衣服时尚冬运动套装', '119', '200', 'Uploads/thumb/2016-02-28/0.40184100 1456663096.jpg', 'Uploads/images/2016-02-28/0.40184100 1456663096.jpg', 'http://s.click.taobao.com/t?e=m%3D2%26s%3DBmR3lsvBZbkcQipKwQzePOeEDrYVVa64K7Vc7tFgwiHjf2vlNIV67iSPhcs7V1bIPLNzIt%2Fz56irEhpkuGn0OcHUXd%2BjTogB1%2FsVzflvh03ljr4QGBUROpUgIAyqPzTjeH2ePTOplM957e2OBTb6pcYMXU3NNCg%2F&pvid=11_27.38.9.129_425_1456659257462', 1, 1456663096, '3', 0, '523820843327', 6),
(39, '童装6男童春装外套7加厚8儿童三合一冲锋衣可拆卸2016新款加绒10', '119', '203', 'Uploads/thumb/2016-02-28/0.31676000 1456663097.jpg', 'Uploads/images/2016-02-28/0.31676000 1456663097.jpg', 'http://s.click.taobao.com/t?e=m%3D2%26s%3Dwp%2BLemaXrRccQipKwQzePOeEDrYVVa64K7Vc7tFgwiHjf2vlNIV67iSPhcs7V1bIPLNzIt%2Fz56irEhpkuGn0OcHUXd%2BjTogB1%2FsVzflvh03ljr4QGBUROkjWxTHGOB7hY1vTjFCVru2rD2p8x%2BG3xMYMXU3NNCg%2F&pvid=11_27.38.9.129_425_1456659257462', 1, 1456663097, '3', 0, '521002454158', 6),
(40, '艾沃艾儿童装2016新款呢料女童外套秋冬装日系斗篷长袖大衣蝴蝶结', '188', '275', 'Uploads/thumb/2016-02-28/0.41526400 1456663098.jpg', 'Uploads/images/2016-02-28/0.41526400 1456663098.jpg', 'http://s.click.taobao.com/t?e=m%3D2%26s%3DmPMd0hGXlOAcQipKwQzePOeEDrYVVa64K7Vc7tFgwiHjf2vlNIV67iSPhcs7V1bIPLNzIt%2Fz56irEhpkuGn0OcHUXd%2BjTogB1%2FsVzflvh01UwmEI0FVwg5t9jwOmurlhrldTIWYc9m8%2F9mjswsFUpcYMXU3NNCg%2F&pvid=11_27.38.9.129_425_1456659257462', 1, 1456663098, '6', 0, '522046400611', 6),
(41, '小虎宝儿童装男童加厚中长款羽绒服 儿童白鸭绒羽绒外套真毛领冬', '459', '519', 'Uploads/thumb/2016-02-28/0.97304300 1456663098.jpg', 'Uploads/images/2016-02-28/0.97304300 1456663098.jpg', 'http://s.click.taobao.com/t?e=m%3D2%26s%3DtW9todmb6JIcQipKwQzePOeEDrYVVa64K7Vc7tFgwiHjf2vlNIV67iSPhcs7V1bIPLNzIt%2Fz56irEhpkuGn0OcHUXd%2BjTogB1%2FsVzflvh01qcGFU0SQPkhAlnp6aJaeRNE%2Bf9a%2FCKkHU94s%2BPvefJXEqY%2Bakgpmw&pvid=11_27.38.9.129_425_1456659257462', 1, 1456663099, '2', 0, '522555437287', 6),
(42, '童星闪闪女童连衣裙秋冬装2016童装公主裙儿童背心裙子毛呢裙冬裙', '116', '207', 'Uploads/thumb/2016-02-28/0.84081100 1456663099.jpg', 'Uploads/images/2016-02-28/0.84081100 1456663099.jpg', 'http://s.click.taobao.com/t?e=m%3D2%26s%3D9QARNtV4DCccQipKwQzePOeEDrYVVa64K7Vc7tFgwiHjf2vlNIV67iSPhcs7V1bIPLNzIt%2Fz56irEhpkuGn0OcHUXd%2BjTogB1%2FsVzflvh01UwmEI0FVwg%2BEVIzYabEY6tPmD9TeOa2iR7QGdXVEoq8YMXU3NNCg%2F&pvid=11_27.38.9.129_425_1456659257462', 1, 1456663099, '2', 0, '522225792176', 7),
(43, 'honeypig童装2016春秋女童可爱印花卫衣潮儿童卫衣HPA5430昱', '89', '188', 'Uploads/thumb/2016-02-28/0.12070400 1456663100.jpg', 'Uploads/images/2016-02-28/0.12070400 1456663100.jpg', 'http://s.click.taobao.com/t?e=m%3D2%26s%3D%2FTysWtnpm5scQipKwQzePOeEDrYVVa64K7Vc7tFgwiHjf2vlNIV67iSPhcs7V1bIPLNzIt%2Fz56irEhpkuGn0OcHUXd%2BjTogB1%2FsVzflvh01UwmEI0FVwg1LbB%2Bf%2ByyErg2YeEhZ5UVtgnooPUgeOo8YMXU3NNCg%2F&pvid=11_27.38.9.129_425_1456659257462', 1, 1456663100, '2', 0, '520837828444', 7),
(44, '【特卖】童装秋冬款韩版潮儿童加绒卫衣两件套男童加绒卫衣套装', '119', '212', 'Uploads/thumb/2016-02-28/0.37470400 1456663101.jpg', 'Uploads/images/2016-02-28/0.37470400 1456663101.jpg', 'http://s.click.taobao.com/t?e=m%3D2%26s%3DyM%2BYR8CmW9scQipKwQzePOeEDrYVVa64K7Vc7tFgwiHjf2vlNIV67iSPhcs7V1bIPLNzIt%2Fz56irEhpkuGn0OcHUXd%2BjTogB1%2FsVzflvh01UwmEI0FVwg7gLYnV%2FWzP7agHMhSvC70Eb83%2FDqBUXFsYMXU3NNCg%2F&pvid=11_27.38.9.129_425_1456659257462', 1, 1456663101, '2', 0, '522167852374', 7),
(45, '小数点童装女童棉衣外套1-3-5岁宝宝棉袄加厚加绒冬装婴儿棉服', '120', '183', 'Uploads/thumb/2016-02-28/0.37690000 1456663102.jpg', 'Uploads/images/2016-02-28/0.37690000 1456663102.jpg', 'http://s.click.taobao.com/t?e=m%3D2%26s%3DcPhoBHItSe8cQipKwQzePOeEDrYVVa64K7Vc7tFgwiHjf2vlNIV67iSPhcs7V1bIPLNzIt%2Fz56irEhpkuGn0OcHUXd%2BjTogB1%2FsVzflvh03ljr4QGBUROhUoIdBdI%2FIJnoISvvV1yTp9Dn0wPKyS2MYMXU3NNCg%2F&pvid=11_27.38.9.129_425_1456659257462', 1, 1456663102, '7', 0, '523205338530', 7),
(46, '棉服童装2015女童冬新中大童麂皮绒羊羔毛外套大衣中长款儿童风衣', '158', '262', 'Uploads/thumb/2016-02-28/0.55766700 1456663103.jpg', 'Uploads/images/2016-02-28/0.55766700 1456663103.jpg', 'http://s.click.taobao.com/t?e=m%3D2%26s%3Dd7bvLpQYNY0cQipKwQzePOeEDrYVVa64K7Vc7tFgwiHjf2vlNIV67iSPhcs7V1bIPLNzIt%2Fz56irEhpkuGn0OcHUXd%2BjTogB1%2FsVzflvh01UwmEI0FVwg71vmcLlIX%2Br87Md5u%2BWDOMZTtNJQKv%2FdsYMXU3NNCg%2F&pvid=11_27.38.9.129_425_1456659257462', 1, 1456663103, '7', 0, '524171162793', 7),
(47, '童装婚纱蓬蓬裙生日演出儿童礼服女童连衣裙白雪公主裙花童礼服女', '228', '337', 'Uploads/thumb/2016-02-28/0.47760100 1456663104.jpg', 'Uploads/images/2016-02-28/0.47760100 1456663104.jpg', 'http://s.click.taobao.com/t?e=m%3D2%26s%3DFggJZ%2FRcxf8cQipKwQzePOeEDrYVVa64K7Vc7tFgwiHjf2vlNIV67iSPhcs7V1bIPLNzIt%2Fz56irEhpkuGn0OcHUXd%2BjTogB1%2FsVzflvh03ljr4QGBUROie9e23HZxl4%2BXBhi64ApRlsWyMqrPiIQXEqY%2Bakgpmw&pvid=11_27.38.9.129_425_1456659257462', 1, 1456663104, '7', 0, '45228671373', 7),
(48, '新款2015童装女童秋冬装儿童套装女孩棉衣加绒加厚小孩衣服三件套', '99', '182', 'Uploads/thumb/2016-02-28/0.39471600 1456663106.jpg', 'Uploads/images/2016-02-28/0.39471600 1456663106.jpg', 'http://s.click.taobao.com/t?e=m%3D2%26s%3DhAT2ydFHypQcQipKwQzePOeEDrYVVa64K7Vc7tFgwiHjf2vlNIV67iSPhcs7V1bIPLNzIt%2Fz56irEhpkuGn0OcHUXd%2BjTogB1%2FsVzflvh01UwmEI0FVwg7V%2BRg0aKrUdUkXaDousg9ajfS4F9NI8f8YMXU3NNCg%2F&pvid=11_27.38.9.129_425_1456659257462', 1, 1456663106, '7', 0, '523963812915', 7),
(49, '女童牛仔春装套装2016惜童新款儿童韩版童装衣男童外套长裤三件套', '139', '211', 'Uploads/thumb/2016-02-28/0.72596300 1456663107.jpg', 'Uploads/images/2016-02-28/0.72596300 1456663107.jpg', 'http://s.click.taobao.com/t?e=m%3D2%26s%3D%2B%2F1SifTDBWMcQipKwQzePOeEDrYVVa64K7Vc7tFgwiHjf2vlNIV67iSPhcs7V1bIPLNzIt%2Fz56irEhpkuGn0OcHUXd%2BjTogB1%2FsVzflvh03ljr4QGBUROtu%2BlN59I1jtkJhypIlFtOaYDPINh4XLRcYMXU3NNCg%2F&pvid=11_27.38.9.129_425_1456659257462', 1, 1456663107, '7', 0, '526055621983', 8),
(50, '男童外套童装春装2016春秋新款韩版中大童儿童中长款牛仔风衣外套', '90', '169', 'Uploads/thumb/2016-02-28/0.94184100 1456663108.jpg', 'Uploads/images/2016-02-28/0.94184100 1456663108.jpg', 'http://s.click.taobao.com/t?e=m%3D2%26s%3DyfAYhhKNGIYcQipKwQzePOeEDrYVVa64K7Vc7tFgwiHjf2vlNIV67iSPhcs7V1bIPLNzIt%2Fz56irEhpkuGn0OcHUXd%2BjTogB1%2FsVzflvh03ljr4QGBUROjz5Qmx2MVIkoglC9VfhDh%2FCcwC5cCfuPMYMXU3NNCg%2F&pvid=11_27.38.9.129_425_1456659257462', 1, 1456663109, '3', 0, '523728043727', 8),
(51, '男童毛呢外套儿童加厚冬呢大衣韩版中大童羊毛呢子2016春秋童装潮', '339', '445', 'Uploads/thumb/2016-02-28/0.67016400 1456663109.jpg', 'Uploads/images/2016-02-28/0.67016400 1456663109.jpg', 'http://s.click.taobao.com/t?e=m%3D2%26s%3Dh9G1ySK2XXocQipKwQzePOeEDrYVVa64K7Vc7tFgwiHjf2vlNIV67iSPhcs7V1bIPLNzIt%2Fz56irEhpkuGn0OcHUXd%2BjTogB1%2FsVzflvh01UwmEI0FVwg2NU6Qod3l7rTQEwqZJROeYOeHq%2BSaZWJHEqY%2Bakgpmw&pvid=11_27.38.9.129_425_1456659257462', 1, 1456663109, '2', 0, '36595799734', 8),
(52, '2016女童裙子秋冬纯棉连衣裙童装公主裙冬10 11岁女童长袖连衣裙', '98', '207', 'Uploads/thumb/2016-02-28/0.44864800 1456663110.jpg', 'Uploads/images/2016-02-28/0.44864800 1456663110.jpg', 'http://s.click.taobao.com/t?e=m%3D2%26s%3D4I4BLwnWLxkcQipKwQzePOeEDrYVVa64K7Vc7tFgwiHjf2vlNIV67iSPhcs7V1bIPLNzIt%2Fz56irEhpkuGn0OcHUXd%2BjTogB1%2FsVzflvh03ljr4QGBUROowZMKEzTVCA6%2F5SOYGlD23y0yLHb%2FCcDcYMXU3NNCg%2F&pvid=11_27.38.9.129_425_1456659257462', 1, 1456663110, '11', 0, '522050778845', 8),
(53, '拉比树冬装加厚加绒条纹儿童装男童女童棉衣外套宝宝婴儿棉袄棉服', '98', '165', 'Uploads/thumb/2016-02-28/0.78772900 1456663110.jpg', 'Uploads/images/2016-02-28/0.78772900 1456663110.jpg', 'http://s.click.taobao.com/t?e=m%3D2%26s%3DdcgKtr8b98QcQipKwQzePOeEDrYVVa64K7Vc7tFgwiHjf2vlNIV67iSPhcs7V1bIPLNzIt%2Fz56irEhpkuGn0OcHUXd%2BjTogB1%2FsVzflvh01UwmEI0FVwg5b2ommpLEuVIR7Vz7wNkW%2B%2BZ9ip0I6mlnEqY%2Bakgpmw&pvid=11_27.38.9.129_425_1456659257462', 1, 1456663110, '3', 0, '41342885595', 8),
(54, '男童西装套装儿童宝宝小西装韩版童装秋冬外套大童西服花童礼服男', '158', '262', 'Uploads/thumb/2016-02-28/0.01545600 1456663111.jpg', 'Uploads/images/2016-02-28/0.01545600 1456663111.jpg', 'http://s.click.taobao.com/t?e=m%3D2%26s%3DWAVzPQCTZGMcQipKwQzePOeEDrYVVa64K7Vc7tFgwiHjf2vlNIV67iSPhcs7V1bIPLNzIt%2Fz56irEhpkuGn0OcHUXd%2BjTogB1%2FsVzflvh03ljr4QGBUROuAMFLRh37Dy%2BeoyEaBg8gmA6IozVdYJfsYMXU3NNCg%2F&pvid=11_27.38.9.129_425_1456659257462', 1, 1456663111, '3', 0, '520728462266', 8),
(55, '7男童运动套装春秋款2016儿童装春装8男孩9小孩子10衣服5-12-14岁', '89', '196', 'Uploads/thumb/2016-02-28/0.39643000 1456663115.jpg', 'Uploads/images/2016-02-28/0.39643000 1456663115.jpg', 'http://s.click.taobao.com/t?e=m%3D2%26s%3DXKB9Vb6j02kcQipKwQzePOeEDrYVVa64K7Vc7tFgwiHjf2vlNIV67iSPhcs7V1bIPLNzIt%2Fz56irEhpkuGn0OcHUXd%2BjTogB1%2FsVzflvh03ljr4QGBUROuZkBcVBTgL1%2Ft2%2BoM6WFGkQ6ckF61kKnMYMXU3NNCg%2F&pvid=11_27.38.9.129_425_1456659257462', 1, 1456663115, '6', 0, '520411077688', 8),
(56, '棉叔叔童装春装 女童长袖白衬衫 牛津纺娃娃领儿童纯棉白衬衣女', '99', '191', 'Uploads/thumb/2016-02-28/0.68936400 1456663115.jpg', 'Uploads/images/2016-02-28/0.68936400 1456663115.jpg', 'http://s.click.taobao.com/t?e=m%3D2%26s%3DmjuYREXh3okcQipKwQzePOeEDrYVVa64K7Vc7tFgwiHjf2vlNIV67iSPhcs7V1bIPLNzIt%2Fz56irEhpkuGn0OcHUXd%2BjTogB1%2FsVzflvh01UwmEI0FVwg7LGTtBADCZpzihBxysDHiPN6Au309uAe3EqY%2Bakgpmw&pvid=11_27.38.9.129_425_1456659257462', 1, 1456663115, '2', 0, '45710119635', 9),
(57, '乐都特2016轻薄防风春季女童外套羽绒服法国防水童装羽绒服KS6181', '139', '242', 'Uploads/thumb/2016-02-28/0.39461400 1456663116.jpg', 'Uploads/images/2016-02-28/0.39461400 1456663116.jpg', 'http://s.click.taobao.com/t?e=m%3D2%26s%3D2LOG6TathHscQipKwQzePOeEDrYVVa64K7Vc7tFgwiHjf2vlNIV67iSPhcs7V1bIPLNzIt%2Fz56irEhpkuGn0OcHUXd%2BjTogB1%2FsVzflvh01lutpqQFssRy7xlpjGe2WppSMNaHHbYexWWMHnd8AFP3EqY%2Bakgpmw&pvid=11_27.38.9.129_425_1456659257462', 1, 1456663116, '4', 0, '523358649693', 9),
(58, '崎珞花 女童连衣裙2016新款儿童长袖针织毛衣裙秋冬裙童装公主裙', '148', '237', 'Uploads/thumb/2016-02-28/0.26137900 1456663117.jpg', 'Uploads/images/2016-02-28/0.26137900 1456663117.jpg', 'http://s.click.taobao.com/t?e=m%3D2%26s%3DCMnrJ28blBccQipKwQzePOeEDrYVVa64K7Vc7tFgwiHjf2vlNIV67iSPhcs7V1bIPLNzIt%2Fz56irEhpkuGn0OcHUXd%2BjTogB1%2FsVzflvh01UwmEI0FVwgxGQWSQvyKckOp35pL3ig3UCweielY8uvXEqY%2Bakgpmw&pvid=11_27.38.9.129_425_1456659257462', 1, 1456663117, '1', 0, '40719755963', 9),
(59, 'OSA欧莎宝宝童装纯棉中小童裙子针织长袖秋冬女童连衣裙KQ501004', '99', '203', 'Uploads/thumb/2016-02-28/0.00475000 1456663118.jpg', 'Uploads/images/2016-02-28/0.00475000 1456663118.jpg', 'http://s.click.taobao.com/t?e=m%3D2%26s%3DVWxO6p0p%2FvAcQipKwQzePOeEDrYVVa64K7Vc7tFgwiHjf2vlNIV67iSPhcs7V1bIPLNzIt%2Fz56irEhpkuGn0OcHUXd%2BjTogB1%2FsVzflvh03ljr4QGBUROnrJHelttSeGvVZEQsogAU%2FfmfsqgkUdx3EqY%2Bakgpmw&pvid=11_27.38.9.129_425_1456659257462', 1, 1456663118, '2', 0, '43164371029', 9),
(60, '好孩子童装男童连帽卫衣秋装连帽衫儿童秋款外套宝宝印花秋装外套', '199', '280', 'Uploads/thumb/2016-02-28/0.96882500 1456663118.jpg', 'Uploads/images/2016-02-28/0.96882500 1456663118.jpg', 'http://s.click.taobao.com/t?e=m%3D2%26s%3Ddl%2BI2IkqQ6wcQipKwQzePOeEDrYVVa64K7Vc7tFgwiHjf2vlNIV67iSPhcs7V1bIPLNzIt%2Fz56irEhpkuGn0OcHUXd%2BjTogB1%2FsVzflvh01qcGFU0SQPkp9Z0LDb%2FsMMXXcztx82X7FCztGlk%2BGPSSGFCzYOOqAQ&pvid=11_27.38.9.129_425_1456659257462', 1, 1456663119, '3', 0, '41658144491', 9),
(61, 'BBshow2015冬装 保暖开档 婴儿幼儿男童装女童外穿宝宝儿童羽绒裤', '89', '199', 'Uploads/thumb/2016-02-28/0.20276100 1456663120.jpg', 'Uploads/images/2016-02-28/0.20276100 1456663120.jpg', 'http://s.click.taobao.com/t?e=m%3D2%26s%3DSGknR0QeQhYcQipKwQzePOeEDrYVVa64K7Vc7tFgwiHjf2vlNIV67iSPhcs7V1bIPLNzIt%2Fz56irEhpkuGn0OcHUXd%2BjTogB1%2FsVzflvh03ljr4QGBUROj6Jx25liZ4EFNZ0SqgAZGP%2BhvtdQwPuPXEqY%2Bakgpmw&pvid=11_27.38.9.129_425_1456659257462', 1, 1456663120, '10', 0, '40480740114', 9),
(62, '童装男童运动套装儿童冬装新款春秋冬季中大童加厚加绒卫衣两件套', '99', '168', 'Uploads/thumb/2016-02-28/0.03642000 1456663121.jpg', 'Uploads/images/2016-02-28/0.03642000 1456663121.jpg', 'http://s.click.taobao.com/t?e=m%3D2%26s%3DSu%2F34Q%2F%2FmJYcQipKwQzePOeEDrYVVa64K7Vc7tFgwiHjf2vlNIV67iSPhcs7V1bIPLNzIt%2Fz56irEhpkuGn0OcHUXd%2BjTogB1%2FsVzflvh01UwmEI0FVwg3xGe0dDNfTYH7BnLtB5ppYsNUw%2FoIvCl8YMXU3NNCg%2F&pvid=11_27.38.9.129_425_145665925746', 1, 1456663121, '2', 0, '520576146470', 9),
(63, '男童春装套装2016新款儿童运动套装男大童卫衣两件套春秋装6-16岁', '159', '223', 'Uploads/thumb/2016-02-28/0.68248100 1456663121.jpg', 'Uploads/images/2016-02-28/0.68248100 1456663121.jpg', 'http://s.click.taobao.com/t?e=m%3D2%26s%3D2yM0ToC4ejUcQipKwQzePOeEDrYVVa64K7Vc7tFgwiHjf2vlNIV67iSPhcs7V1bIPLNzIt%2Fz56irEhpkuGn0OcHUXd%2BjTogB1%2FsVzflvh03PVoEML%2BRmVrdMuI%2Fe0dFRyU1ma8EDysVZ6V4NgXwWPHEqY%2Bakgpmw&pvid=11_27.38.9.129_425_1456659257462', 1, 1456663121, '3', 0, '521105247553', 10),
(64, '卡酷鱼童装 2015冬装新款女童花边蕾丝中长款翻领棉衣棉服外套', '190', '290', 'Uploads/thumb/2016-02-28/0.39575600 1456663122.jpg', 'Uploads/images/2016-02-28/0.39575600 1456663122.jpg', 'http://s.click.taobao.com/t?e=m%3D2%26s%3DgrVMI0KiyiYcQipKwQzePOeEDrYVVa64K7Vc7tFgwiHjf2vlNIV67iSPhcs7V1bIPLNzIt%2Fz56irEhpkuGn0OcHUXd%2BjTogB1%2FsVzflvh01UwmEI0FVwg0%2FGiPYrVKmFLg1LLrYKpcCSxaXFd4M%2BrcYMXU3NNCg%2F&pvid=11_27.38.9.129_425_1456659257462', 1, 1456663122, '2', 0, '523762994514', 10),
(65, '男女童宝宝卫衣三件套加厚冬装加绒套装婴幼儿童1-2-3岁半小童装', '128', '219', 'Uploads/thumb/2016-02-28/0.84695500 1456663126.jpg', 'Uploads/images/2016-02-28/0.84695500 1456663126.jpg', 'http://s.click.taobao.com/t?e=m%3D2%26s%3DUwfDwof0PQ8cQipKwQzePOeEDrYVVa64K7Vc7tFgwiHjf2vlNIV67iSPhcs7V1bIPLNzIt%2Fz56irEhpkuGn0OcHUXd%2BjTogB1%2FsVzflvh03ljr4QGBUROiSLmIw1RSPjjrI5UCtwjzNrDOusyX%2BN5MYMXU3NNCg%2F&pvid=11_27.38.9.129_425_1456659257462', 1, 1456663126, '6', 0, '523243431468', 10),
(66, '船鼠女童冬装套装两件套 韩版童装儿童卡通绒衫 宝宝加绒卫衣套装', '149', '256', 'Uploads/thumb/2016-02-28/0.36560900 1456663127.jpg', 'Uploads/images/2016-02-28/0.36560900 1456663127.jpg', 'http://s.click.taobao.com/t?e=m%3D2%26s%3DzJ9tikOe2y8cQipKwQzePOeEDrYVVa64K7Vc7tFgwiHjf2vlNIV67iSPhcs7V1bIPLNzIt%2Fz56irEhpkuGn0OcHUXd%2BjTogB1%2FsVzflvh01UwmEI0FVwg%2BEbZIf6G0pavuzbupJEL%2B9d9KekXGK%2FU8YMXU3NNCg%2F&pvid=11_27.38.9.129_425_1456659257462', 1, 1456663127, '2', 0, '523076330942', 10),
(67, '2015新款童装女童冬装卡通套装大童秋冬季儿童卫衣三件套加厚加绒', '108', '189', 'Uploads/thumb/2016-02-28/0.82225600 1456663128.jpg', 'Uploads/images/2016-02-28/0.82225600 1456663128.jpg', 'http://s.click.taobao.com/t?e=m%3D2%26s%3DWYmPIAEZO8McQipKwQzePOeEDrYVVa64K7Vc7tFgwiHjf2vlNIV67iSPhcs7V1bIPLNzIt%2Fz56irEhpkuGn0OcHUXd%2BjTogB1%2FsVzflvh01UwmEI0FVwg3Z19XKvO3oPSrDBUgdNW85lHuOwHpPb0cYMXU3NNCg%2F&pvid=11_27.38.9.129_425_1456659257462', 1, 1456663128, '3', 0, '521820884009', 10),
(68, '2016女童连衣裙长袖春秋冬装韩版童装儿童裙子蕾丝公主裙加厚纱裙', '98', '195', 'Uploads/thumb/2016-02-28/0.31282000 1456663129.jpg', 'Uploads/images/2016-02-28/0.31282000 1456663129.jpg', 'http://s.click.taobao.com/t?e=m%3D2%26s%3D4bqPiYjXzc0cQipKwQzePOeEDrYVVa64K7Vc7tFgwiHjf2vlNIV67iSPhcs7V1bIPLNzIt%2Fz56irEhpkuGn0OcHUXd%2BjTogB1%2FsVzflvh03PVoEML%2BRmVn5eqf%2F953ul5gAMLcgwa4cIYTK6AEQvXiGFCzYOOqAQ&pvid=11_27.38.9.129_425_1456659257462', 1, 1456663129, '3', 0, '37662972737', 10),
(69, '童装女童棉衣2015冬装新款中大童韩版儿童棉袄中长款加厚宝宝棉服', '159', '237', 'Uploads/thumb/2016-02-28/0.90470800 1456663129.jpg', 'Uploads/images/2016-02-28/0.90470800 1456663129.jpg', 'http://s.click.taobao.com/t?e=m%3D2%26s%3DzLAmEyiGvCkcQipKwQzePOeEDrYVVa64K7Vc7tFgwiHjf2vlNIV67iSPhcs7V1bIPLNzIt%2Fz56irEhpkuGn0OcHUXd%2BjTogB1%2FsVzflvh03ljr4QGBUROoOqXLI5u0LbUd9PDMJBtuGIfLG1WK7nrMYMXU3NNCg%2F&pvid=11_27.38.9.129_425_1456659257462', 1, 1456663130, '2', 0, '525063096610', 10),
(70, '拉比童装 新生婴儿童宝宝内衣裤套装双面布 字母内衣2套装', '109', '197', 'Uploads/thumb/2016-02-28/0.22573200 1456663130.jpg', 'Uploads/images/2016-02-28/0.22573200 1456663130.jpg', 'http://s.click.taobao.com/t?e=m%3D2%26s%3DiG7CnXW7ErccQipKwQzePOeEDrYVVa64K7Vc7tFgwiHjf2vlNIV67iSPhcs7V1bIPLNzIt%2Fz56irEhpkuGn0OcHUXd%2BjTogB1%2FsVzflvh03PVoEML%2BRmVsuQc6tOM5UDgKMYwSip40%2FGfCnwvEKb%2FHEqY%2Bakgpmw&pvid=11_27.38.9.129_425_1456659257462', 1, 1456663130, '2', 0, '520871725498', 11),
(71, '米西果童装 男童棉衣 儿童棉袄冬装外套2015新款中大童棉服加厚潮', '168', '238', 'Uploads/thumb/2016-02-28/0.35834500 1456663131.jpg', 'Uploads/images/2016-02-28/0.35834500 1456663131.jpg', 'http://s.click.taobao.com/t?e=m%3D2%26s%3DSDPXDi1of3wcQipKwQzePOeEDrYVVa64K7Vc7tFgwiHjf2vlNIV67iSPhcs7V1bIPLNzIt%2Fz56irEhpkuGn0OcHUXd%2BjTogB1%2FsVzflvh01UwmEI0FVwg6drW608EqdAHdL%2BDV7Hp43dqguc6F5%2FYcYMXU3NNCg%2F&pvid=11_27.38.9.129_425_1456659257462', 1, 1456663131, '2', 0, '521681800120', 11),
(72, '女童春装2016新款童装春秋款儿童两件套中大童韩版休闲运动套装潮', '119', '214', 'Uploads/thumb/2016-02-28/0.15608000 1456663133.jpg', 'Uploads/images/2016-02-28/0.15608000 1456663133.jpg', 'http://s.click.taobao.com/t?e=m%3D2%26s%3D7xdP4DUEtvYcQipKwQzePOeEDrYVVa64K7Vc7tFgwiHjf2vlNIV67iSPhcs7V1bIPLNzIt%2Fz56irEhpkuGn0OcHUXd%2BjTogB1%2FsVzflvh03ljr4QGBUROrswI6fa4sZ5RydYap5POkGdTZqOGJyGosYMXU3NNCg%2F&pvid=11_27.38.9.129_425_1456659257462', 1, 1456663133, '7', 0, '525843558542', 11),
(73, '2016新款春装儿童套装男童装春秋季男孩蜘蛛侠运动卫衣三件套', '139', '213', 'Uploads/thumb/2016-02-28/0.03187300 1456663134.jpg', 'Uploads/images/2016-02-28/0.03187300 1456663134.jpg', 'http://s.click.taobao.com/t?e=m%3D2%26s%3D2OfyDLf%2Bf8gcQipKwQzePOeEDrYVVa64K7Vc7tFgwiHjf2vlNIV67iSPhcs7V1bIPLNzIt%2Fz56irEhpkuGn0OcHUXd%2BjTogB1%2FsVzflvh01rW1cppaAEq9XIsWvVdzgyIx8l5VpbyNrDSH%2FpO8Vd9nEqY%2Bakgpmw&pvid=11_27.38.9.129_425_1456659257462', 1, 1456663134, '3', 0, '520924624504', 11),
(74, '拉比童装 男女新生婴儿童宝宝 双面布 缤纷拉比内衣套装2套', '99', '171', 'Uploads/thumb/2016-02-28/0.39804100 1456663134.jpg', 'Uploads/images/2016-02-28/0.39804100 1456663134.jpg', 'http://s.click.taobao.com/t?e=m%3D2%26s%3DOwAdvFtnIbocQipKwQzePOeEDrYVVa64K7Vc7tFgwiHjf2vlNIV67iSPhcs7V1bIPLNzIt%2Fz56irEhpkuGn0OcHUXd%2BjTogB1%2FsVzflvh03PVoEML%2BRmVsuQc6tOM5UDdsHatCRFUFri2SdRyPvcKSGFCzYOOqAQ&pvid=11_27.38.9.129_425_1456659257462', 1, 1456663134, '3', 0, '41425419543', 11),
(75, '女童冬装2015新款童装中大童加厚保暖套装韩版儿童三件套拉链衫', '180', '255', 'Uploads/thumb/2016-02-28/0.80233100 1456663134.jpg', 'Uploads/images/2016-02-28/0.80233100 1456663134.jpg', 'http://s.click.taobao.com/t?e=m%3D2%26s%3DQjFun21nUOEcQipKwQzePOeEDrYVVa64K7Vc7tFgwiHjf2vlNIV67iSPhcs7V1bIPLNzIt%2Fz56irEhpkuGn0OcHUXd%2BjTogB1%2FsVzflvh01UwmEI0FVwg%2FWZFwPpd4jOa67DQRolpOADQTT5DncV9sYMXU3NNCg%2F&pvid=11_27.38.9.129_425_1456659257462', 1, 1456663134, '3', 0, '525102061729', 11),
(76, '笛莎童装女童羽绒服2015冬季新款儿童加厚保暖中长款修身韩版外套', '199', '293', 'Uploads/thumb/2016-02-28/0.30612800 1456663136.jpg', 'Uploads/images/2016-02-28/0.30612800 1456663136.jpg', 'http://s.click.taobao.com/t?e=m%3D2%26s%3DYICfqKRvuMccQipKwQzePOeEDrYVVa64K7Vc7tFgwiHjf2vlNIV67iSPhcs7V1bIPLNzIt%2Fz56irEhpkuGn0OcHUXd%2BjTogB1%2FsVzflvh03tWFx0Y8VGe18vh4uUxbIWJwV9WCQB8qmiFISCLhT8RCGFCzYOOqAQ&pvid=11_27.38.9.129_425_1456659257462', 1, 1456663136, '2', 0, '521385066922', 11),
(77, '女童冬装外套童装2015新款休闲毛呢潮儿童中大童中长款加厚呢大衣', '99', '159', 'Uploads/thumb/2016-02-28/0.66627600 1456663136.jpg', 'Uploads/images/2016-02-28/0.66627600 1456663136.jpg', 'http://s.click.taobao.com/t?e=m%3D2%26s%3D1PB1gahDMGEcQipKwQzePOeEDrYVVa64K7Vc7tFgwiHjf2vlNIV67iSPhcs7V1bIPLNzIt%2Fz56irEhpkuGn0OcHUXd%2BjTogB1%2FsVzflvh01UwmEI0FVwg2vgKD8i4vOGRp8vKtFheMYt08Ym9FzQd8YMXU3NNCg%2F&pvid=11_27.38.9.129_425_1456659257462', 1, 1456663136, '2', 0, '523791852560', 12),
(78, '幻特昔2016童装春装新款宝宝儿童女童女孩毛衣针织衫打底衫外套', '128', '224', 'Uploads/thumb/2016-02-28/0.22204900 1456663137.jpg', 'Uploads/images/2016-02-28/0.22204900 1456663137.jpg', 'http://s.click.taobao.com/t?e=m%3D2%26s%3DVWBMX0QrJuUcQipKwQzePOeEDrYVVa64K7Vc7tFgwiHjf2vlNIV67iSPhcs7V1bIPLNzIt%2Fz56irEhpkuGn0OcHUXd%2BjTogB1%2FsVzflvh03ljr4QGBUROmkWJrl4yCk%2F8t1UzYWpgAqvno%2F4BYu97cYMXU3NNCg%2F&pvid=11_27.38.9.129_425_1456659257462', 1, 1456663137, '7', 0, '524030862073', 12),
(79, '拉夏贝尔KIDS2015冬新款 针织衫网纱裙童装套装 女10200587', '150', '212', 'Uploads/thumb/2016-02-28/0.84002000 1456663137.jpg', 'Uploads/images/2016-02-28/0.84002000 1456663137.jpg', 'http://s.click.taobao.com/t?e=m%3D2%26s%3D%2Fm9JVrk0%2BZccQipKwQzePOeEDrYVVa64K7Vc7tFgwiHjf2vlNIV67iSPhcs7V1bIPLNzIt%2Fz56irEhpkuGn0OcHUXd%2BjTogB1%2FsVzflvh03ljr4QGBUROuMjOqS8dDz2ZZEWvLU7JCxQ3fdlbgaMY8YMXU3NNCg%2F&pvid=11_27.38.9.129_425_1456659257462', 1, 1456663138, '3', 0, '522662704587', 12),
(80, '绿盒子童装迪士尼男童女童羽绒服儿童轻薄连帽外套2015冬装新款', '179', '244', 'Uploads/thumb/2016-02-28/0.71180100 1456663138.jpg', 'Uploads/images/2016-02-28/0.71180100 1456663138.jpg', 'http://s.click.taobao.com/t?e=m%3D2%26s%3D1hpRqxxxlxgcQipKwQzePOeEDrYVVa64K7Vc7tFgwiHjf2vlNIV67iSPhcs7V1bIPLNzIt%2Fz56irEhpkuGn0OcHUXd%2BjTogB1%2FsVzflvh01rW1cppaAEq4Zp58g%2BLGKTBMnlk9EYkKTRVJgJe4RnU3EqY%2Bakgpmw&pvid=11_27.38.9.129_425_1456659257462', 1, 1456663138, '2', 0, '521371102999', 12),
(81, '15大童装6男童春装套装2016新款13岁10儿童牛仔服装12春季8两件套', '89', '180', 'Uploads/thumb/2016-02-28/0.27478700 1456663140.jpg', 'Uploads/images/2016-02-28/0.27478700 1456663140.jpg', 'http://s.click.taobao.com/t?e=m%3D2%26s%3DneVDZWabiz4cQipKwQzePOeEDrYVVa64K7Vc7tFgwiHjf2vlNIV67iSPhcs7V1bIPLNzIt%2Fz56irEhpkuGn0OcHUXd%2BjTogB1%2FsVzflvh01UwmEI0FVwgzY1uUXI2e4EjueuPyk86YyvO6S1iVl9zsYMXU3NNCg%2F&pvid=11_27.38.9.129_425_1456659257462', 1, 1456663140, '7', 0, '521896792618', 12),
(82, '朵朵熊 男童棉衣外套加厚冬装 儿童中大童棉服加绒中长款棉袄童装', '169', '240', 'Uploads/thumb/2016-02-28/0.40238400 1456663141.jpg', 'Uploads/images/2016-02-28/0.40238400 1456663141.jpg', 'http://s.click.taobao.com/t?e=m%3D2%26s%3DeCXIOGPKfDwcQipKwQzePOeEDrYVVa64K7Vc7tFgwiHjf2vlNIV67iSPhcs7V1bIPLNzIt%2Fz56irEhpkuGn0OcHUXd%2BjTogB1%2FsVzflvh01UwmEI0FVwgzOI58CWOhMi8NbAb7AgD8N62%2Bo%2FTPN3H3EqY%2Bakgpmw&pvid=11_27.38.9.129_425_1456659257462', 1, 1456663141, '2', 0, '35520966322', 12),
(83, '童装女童春装2016新款儿童卫衣三件套中大童春秋运动套装12岁女孩', '118', '191', 'Uploads/thumb/2016-02-28/0.25008800 1456663142.jpg', 'Uploads/images/2016-02-28/0.25008800 1456663142.jpg', 'http://s.click.taobao.com/t?e=m%3D2%26s%3Dosru2jqcGg0cQipKwQzePOeEDrYVVa64K7Vc7tFgwiHjf2vlNIV67iSPhcs7V1bIPLNzIt%2Fz56irEhpkuGn0OcHUXd%2BjTogB1%2FsVzflvh01lutpqQFssRzSEEL%2FmVapzV2ndJoNQPaNDZ9GxGXL723EqY%2Bakgpmw&pvid=11_27.38.9.129_425_1456659257462', 1, 1456663142, '3', 0, '521852661850', 12),
(84, '幻特昔2015童装秋冬装新款宝宝儿童女童中小童中长款毛呢大衣外套', '138', '247', 'Uploads/thumb/2016-02-28/0.54302200 1456663142.jpg', 'Uploads/images/2016-02-28/0.54302200 1456663142.jpg', 'http://s.click.taobao.com/t?e=m%3D2%26s%3DHTsqlJv0iRQcQipKwQzePOeEDrYVVa64K7Vc7tFgwiHjf2vlNIV67iSPhcs7V1bIPLNzIt%2Fz56irEhpkuGn0OcHUXd%2BjTogB1%2FsVzflvh03ljr4QGBUROmkWJrl4yCk%2FuoChkEmegPTTHGFo59Wm%2FsYMXU3NNCg%2F&pvid=11_27.38.9.129_425_1456659257462', 1, 1456663142, '7', 0, '522065780885', 13),
(85, '左西男童牛仔裤加绒长裤子 儿童棉裤加厚童装男孩2015冬季新款206', '89', '183', 'Uploads/thumb/2016-02-28/0.28137700 1456663143.jpg', 'Uploads/images/2016-02-28/0.28137700 1456663143.jpg', 'http://s.click.taobao.com/t?e=m%3D2%26s%3DP0FZ0ogCdowcQipKwQzePOeEDrYVVa64K7Vc7tFgwiHjf2vlNIV67iSPhcs7V1bIPLNzIt%2Fz56irEhpkuGn0OcHUXd%2BjTogB1%2FsVzflvh01UwmEI0FVwg6edFCtp%2B5GXdD4oRSePIQFT2wlfGcZS6sYMXU3NNCg%2F&pvid=11_27.38.9.129_425_1456659257462', 1, 1456663143, '2', 0, '523161806831', 13),
(86, '童装男童冬装外套2015新款中大童加绒上衣短款儿童皮衣夹克加厚潮', '149', '231', 'Uploads/thumb/2016-02-28/0.60842000 1456663143.jpg', 'Uploads/images/2016-02-28/0.60842000 1456663143.jpg', 'http://s.click.taobao.com/t?e=m%3D2%26s%3DFuimDi4x2pYcQipKwQzePOeEDrYVVa64K7Vc7tFgwiHjf2vlNIV67iSPhcs7V1bIPLNzIt%2Fz56irEhpkuGn0OcHUXd%2BjTogB1%2FsVzflvh01lutpqQFssRxScVAodj51PYrSgGDbJAO%2F7GLtFY2fgEHEqY%2Bakgpmw&pvid=11_27.38.9.129_425_1456659257462', 1, 1456663143, '3', 0, '524772310075', 13),
(87, '2016新款两面穿童装男童春装外套男孩春秋中大童风衣儿童韩版上衣', '128', '205', 'Uploads/thumb/2016-02-28/0.11002000 1456663144.jpg', 'Uploads/images/2016-02-28/0.11002000 1456663144.jpg', 'http://s.click.taobao.com/t?e=m%3D2%26s%3DXI5jWlyJxaccQipKwQzePOeEDrYVVa64K7Vc7tFgwiHjf2vlNIV67iSPhcs7V1bIPLNzIt%2Fz56irEhpkuGn0OcHUXd%2BjTogB1%2FsVzflvh01UwmEI0FVwg3KMBWpQmiKgma3um18TL2m1%2BHnbnU6aksYMXU3NNCg%2F&pvid=11_27.38.9.129_425_1456659257462', 1, 1456663144, '4', 0, '520926002883', 13),
(88, '米奇丁当 2015冬装新款童装女童套装中大童加厚加绒卫衣运动套装', '139', '236', 'Uploads/thumb/2016-02-28/0.24062700 1456663145.jpg', 'Uploads/images/2016-02-28/0.24062700 1456663145.jpg', 'http://s.click.taobao.com/t?e=m%3D2%26s%3D%2BW5ROapIpY0cQipKwQzePOeEDrYVVa64K7Vc7tFgwiHjf2vlNIV67iSPhcs7V1bIPLNzIt%2Fz56irEhpkuGn0OcHUXd%2BjTogB1%2FsVzflvh01UwmEI0FVwgwBn7yYRVfO5B3DVUXxX2H6LsE8ulnOIf8YMXU3NNCg%2F&pvid=11_27.38.9.129_425_1456659257462', 1, 1456663145, '2', 0, '525329935686', 13),
(89, '恩恩熊女童春装 童装公主裙婴儿裙子儿童春秋 女宝宝连衣裙80265', '89', '165', 'Uploads/thumb/2016-02-28/0.41054800 1456663147.jpg', 'Uploads/images/2016-02-28/0.41054800 1456663147.jpg', 'http://s.click.taobao.com/t?e=m%3D2%26s%3D%2F1d7js%2BJ2UscQipKwQzePOeEDrYVVa64K7Vc7tFgwiHjf2vlNIV67iSPhcs7V1bIPLNzIt%2Fz56irEhpkuGn0OcHUXd%2BjTogB1%2FsVzflvh01lutpqQFssR3uPBbsKN2IyJ7hbATexm2kB%2BEGng7R33XEqY%2Bakgpmw&pvid=11_27.38.9.129_425_1456659257462', 1, 1456663147, '2', 0, '521342970435', 13),
(90, '爱拉曼童装裙子2016春装新款女童碎花连衣裙儿童长袖公主裙毛呢裙', '99', '191', 'Uploads/thumb/2016-02-28/0.11780400 1456663148.jpg', 'Uploads/images/2016-02-28/0.11780400 1456663148.jpg', 'http://s.click.taobao.com/t?e=m%3D2%26s%3D%2F29mvYHWYCocQipKwQzePOeEDrYVVa64K7Vc7tFgwiHjf2vlNIV67iSPhcs7V1bIPLNzIt%2Fz56irEhpkuGn0OcHUXd%2BjTogB1%2FsVzflvh01lutpqQFssR1xDj9Vo4CfxbbmkYQpaKNLTaOytwo9Ot3EqY%2Bakgpmw&pvid=11_27.38.9.129_425_1456659257462', 1, 1456663148, '6', 0, '521434744365', 13),
(91, '女童连衣裙冬装公主裙儿童兔毛红色新年装裙子加厚童装连衣裙445', '99', '162', 'Uploads/thumb/2016-02-28/0.71571200 1456663148.jpg', 'Uploads/images/2016-02-28/0.71571200 1456663148.jpg', 'http://s.click.taobao.com/t?e=m%3D2%26s%3Dx20lvA2UmDAcQipKwQzePOeEDrYVVa64K7Vc7tFgwiHjf2vlNIV67iSPhcs7V1bIPLNzIt%2Fz56irEhpkuGn0OcHUXd%2BjTogB1%2FsVzflvh03ljr4QGBUROjTshRj8NJETXHLYNa2zoTrxuGdi22T4EMYMXU3NNCg%2F&pvid=11_27.38.9.129_425_1456659257462', 1, 1456663148, '3', 0, '525114437491', 14),
(92, '2016童装男童春装套装儿童牛仔套装中大童春季运动休闲牛仔两件套', '128', '207', 'Uploads/thumb/2016-02-28/0.26565600 1456663150.jpg', 'Uploads/images/2016-02-28/0.26565600 1456663150.jpg', 'http://s.click.taobao.com/t?e=m%3D2%26s%3DCFXexkviS54cQipKwQzePOeEDrYVVa64K7Vc7tFgwiHjf2vlNIV67iSPhcs7V1bIPLNzIt%2Fz56irEhpkuGn0OcHUXd%2BjTogB1%2FsVzflvh03ljr4QGBUROtWr37Fa20AyF2gkS99xHBbqjMfbDg%2B99MYMXU3NNCg%2F&pvid=11_27.38.9.129_425_1456659257462', 1, 1456663150, '2', 0, '522192501044', 14),
(93, '伊顿英伦童装背心裙子 女童公主裙 纯棉针织裙 女童连衣裙14L251', '109', '175', 'Uploads/thumb/2016-02-28/0.99799200 1456663150.jpg', 'Uploads/images/2016-02-28/0.99799200 1456663150.jpg', 'http://s.click.taobao.com/t?e=m%3D2%26s%3DTLSMRcwUiEocQipKwQzePOeEDrYVVa64K7Vc7tFgwiHjf2vlNIV67iSPhcs7V1bIJYccVKkURIirEhpkuGn0OcHUXd%2BjTogB1%2FsVzflvh01rW1cppaAEq6netwIxMhemBX2uloodlR8y4Gf4FtQFKCGFCzYOOqAQ&pvid=11_27.38.9.129_425_1456659257462', 1, 1456663151, '2', 0, '40570831765', 14),
(94, '沐之羽秋冬2015新款女童装花边毛呢外套 中大童儿童公主呢大衣', '119', '203', 'Uploads/thumb/2016-02-28/0.97310200 1456663151.jpg', 'Uploads/images/2016-02-28/0.97310200 1456663151.jpg', 'http://s.click.taobao.com/t?e=m%3D2%26s%3DopaboELD9W0cQipKwQzePOeEDrYVVa64K7Vc7tFgwiHjf2vlNIV67iSPhcs7V1bIJYccVKkURIirEhpkuGn0OcHUXd%2BjTogB1%2FsVzflvh01UwmEI0FVwg9m9ISNHLzLN%2Bu8T88coYep9TuXSpx5rvnEqY%2Bakgpmw&pvid=11_27.38.9.129_425_1456659257462', 1, 1456663152, '10', 0, '40388694377', 14),
(95, '童装男童冬装羽绒服连帽2015儿童轻薄新款中大童短款羽绒服外', '299', '401', 'Uploads/thumb/2016-02-28/0.81177700 1456663152.jpg', 'Uploads/images/2016-02-28/0.81177700 1456663152.jpg', 'http://s.click.taobao.com/t?e=m%3D2%26s%3DfYEEi%2BcZsp0cQipKwQzePOeEDrYVVa64K7Vc7tFgwiHjf2vlNIV67iSPhcs7V1bIJYccVKkURIirEhpkuGn0OcHUXd%2BjTogB1%2FsVzflvh01lutpqQFssR6%2BHp5floi1hmtVQDJER6C1KZTjc%2F4CRJnEqY%2Bakgpmw&pvid=11_27.38.9.129_425_1456659257462', 1, 1456663152, '3', 0, '520954295895', 14),
(96, '童装女童连衣裙春装长袖女童公主裙2016新款韩版春秋礼服儿童裙子', '99', '177', 'Uploads/thumb/2016-02-28/0.08966400 1456663153.jpg', 'Uploads/images/2016-02-28/0.08966400 1456663153.jpg', 'http://s.click.taobao.com/t?e=m%3D2%26s%3DzzdgDwq7580cQipKwQzePOeEDrYVVa64K7Vc7tFgwiHjf2vlNIV67iSPhcs7V1bIJYccVKkURIirEhpkuGn0OcHUXd%2BjTogB1%2FsVzflvh01UwmEI0FVwg7EkHmfjsQopdQjIf%2FhvG%2Fym6e2pMXg%2FGsYMXU3NNCg%2F&pvid=11_27.38.9.129_425_1456659257462', 1, 1456663153, '6', 0, '521037579606', 14),
(97, '童装女童春装外套2016春秋新款中大儿童中长款韩版秋冬毛呢子大衣', '140', '209', 'Uploads/thumb/2016-02-28/0.94639600 1456663153.jpg', 'Uploads/images/2016-02-28/0.94639600 1456663153.jpg', 'http://s.click.taobao.com/t?e=m%3D2%26s%3DILmPlIuUi0gcQipKwQzePOeEDrYVVa64K7Vc7tFgwiHjf2vlNIV67iSPhcs7V1bIJYccVKkURIirEhpkuGn0OcHUXd%2BjTogB1%2FsVzflvh03ljr4QGBUROrumErzelEVspiTSNXuKj3Dpf5uhTvGYSsYMXU3NNCg%2F&pvid=11_27.38.9.129_425_1456659257462', 1, 1456663154, '2', 0, '522664703433', 14);
INSERT INTO `bgw_goods` (`gid`, `title`, `new_price`, `old_price`, `min_img_path`, `img_path`, `href_path`, `is_display`, `addtime`, `money`, `sort`, `goods_num`, `cid`) VALUES
(98, '左西童装男童冬装外套 男孩儿童棉衣棉服加厚棉袄中大童2015新款', '138', '209', 'Uploads/thumb/2016-02-28/0.98571200 1456663154.jpg', 'Uploads/images/2016-02-28/0.98571200 1456663154.jpg', 'http://s.click.taobao.com/t?e=m%3D2%26s%3Dvaz65LvYeqMcQipKwQzePOeEDrYVVa64K7Vc7tFgwiHjf2vlNIV67iSPhcs7V1bIJYccVKkURIirEhpkuGn0OcHUXd%2BjTogB1%2FsVzflvh01UwmEI0FVwg6edFCtp%2B5GXZZEWvLU7JCyeF6zOaYbASsYMXU3NNCg%2F&pvid=11_27.38.9.129_425_1456659257462', 1, 1456663155, '2', 0, '522672188804', 15),
(99, '童装女童长款新款秋冬季儿童毛衣韩版中大童套头高领毛线衣打底衫', '89', '172', 'Uploads/thumb/2016-02-28/0.52242400 1456663155.jpg', 'Uploads/images/2016-02-28/0.52242400 1456663155.jpg', 'http://s.click.taobao.com/t?e=m%3D2%26s%3Dn3c9YeD7ByscQipKwQzePOeEDrYVVa64K7Vc7tFgwiHjf2vlNIV67iSPhcs7V1bIJYccVKkURIirEhpkuGn0OcHUXd%2BjTogB1%2FsVzflvh03ljr4QGBUROihOtvmYorFVAU99GenehNJXjxOlkrZECMYMXU3NNCg%2F&pvid=11_27.38.9.129_425_1456659257462', 1, 1456663155, '3', 0, '521990051056', 15),
(100, '一贝皇城童装男童春秋装套装中大儿童运动两件套装卫衣2016新款潮', '149', '243', 'Uploads/thumb/2016-02-28/0.28686200 1456663156.jpg', 'Uploads/images/2016-02-28/0.28686200 1456663156.jpg', 'http://s.click.taobao.com/t?e=m%3D2%26s%3DJS2smxwlMOAcQipKwQzePOeEDrYVVa64K7Vc7tFgwiHjf2vlNIV67iSPhcs7V1bIJYccVKkURIirEhpkuGn0OcHUXd%2BjTogB1%2FsVzflvh03PVoEML%2BRmVtMfw7ivvbhC6628%2BFQJS3l0vLG4JUloOHEqY%2Bakgpmw&pvid=11_27.38.9.129_425_1456659257462', 1, 1456663156, '2', 0, '520632740417', 15),
(101, 'Levi''s李维斯秋冬童装女童Logo印花珍珠粉套头卫衣77356-0013', '179', '243', 'Uploads/thumb/2016-02-28/0.51960400 1456663156.jpg', 'Uploads/images/2016-02-28/0.51960400 1456663156.jpg', 'http://s.click.taobao.com/t?e=m%3D2%26s%3D5Q%2Fj2KXW3q8cQipKwQzePOeEDrYVVa64K7Vc7tFgwiHjf2vlNIV67iSPhcs7V1bIJYccVKkURIirEhpkuGn0OcHUXd%2BjTogB1%2FsVzflvh03PVoEML%2BRmVv4%2FekHfDkGcqPApDY0IcGSj%2B3qrdVrbk3EqY%2Bakgpmw&pvid=11_27.38.9.129_425_1456659257462', 1, 1456663156, '2', 0, '525025102880', 15),
(102, '童装男童春季套装2016春秋新款中大童儿童休闲运动外套裤子两件套', '99', '187', 'Uploads/thumb/2016-02-28/0.45176800 1456663158.jpg', 'Uploads/images/2016-02-28/0.45176800 1456663158.jpg', 'http://s.click.taobao.com/t?e=m%3D2%26s%3Duk5Z8rqhibQcQipKwQzePOeEDrYVVa64K7Vc7tFgwiHjf2vlNIV67iSPhcs7V1bIJYccVKkURIirEhpkuGn0OcHUXd%2BjTogB1%2FsVzflvh03ljr4QGBUROu9qSQrLZ%2FB9jffn%2BiNI4UiVRDZyu7VkBsYMXU3NNCg%2F&pvid=11_27.38.9.129_425_1456659257462', 1, 1456663158, '7', 0, '524168345887', 15),
(103, 'EYAS童装女童毛呢大衣秋冬 儿童羊毛呢外套韩版中大童呢子外套', '198', '273', 'Uploads/thumb/2016-02-28/0.03563000 1456663159.jpg', 'Uploads/images/2016-02-28/0.03563000 1456663159.jpg', 'http://s.click.taobao.com/t?e=m%3D2%26s%3Dj%2FLlV3r9mUAcQipKwQzePOeEDrYVVa64K7Vc7tFgwiHjf2vlNIV67iSPhcs7V1bIJYccVKkURIirEhpkuGn0OcHUXd%2BjTogB1%2FsVzflvh01UwmEI0FVwg0oeTYrcLCHBeS7kUr%2FlUwBBFMJs4YaBj8YMXU3NNCg%2F&pvid=11_27.38.9.129_425_1456659257462', 1, 1456663159, '3', 0, '522106075738', 15),
(104, '童装男童毛衣针织衫全棉毛衣儿童开衫宝宝毛衣婴儿衫女童毛衣外套', '89', '186', 'Uploads/thumb/2016-02-28/0.57535200 1456663159.jpg', 'Uploads/images/2016-02-28/0.57535200 1456663159.jpg', 'http://s.click.taobao.com/t?e=m%3D2%26s%3DqjV96jUKayAcQipKwQzePOeEDrYVVa64K7Vc7tFgwiHjf2vlNIV67iSPhcs7V1bIJYccVKkURIirEhpkuGn0OcHUXd%2BjTogB1%2FsVzflvh01lutpqQFssRy7xlpjGe2WpfxQZ9Ne7%2FZHQ9VMmPJZG1iGFCzYOOqAQ&pvid=11_27.38.9.129_425_1456659257462', 1, 1456663159, '4', 0, '13000769304', 15),
(105, '安奈儿童装春秋新款儿童打底衫 中大童男童女童高领长袖T恤1031', '89', '197', 'Uploads/thumb/2016-02-28/0.06290700 1456663160.jpg', 'Uploads/images/2016-02-28/0.06290700 1456663160.jpg', 'http://s.click.taobao.com/t?e=m%3D2%26s%3Ddr%2FmLHKVqMscQipKwQzePOeEDrYVVa64K7Vc7tFgwiHjf2vlNIV67iSPhcs7V1bIJYccVKkURIirEhpkuGn0OcHUXd%2BjTogB1%2FsVzflvh03ljr4QGBUROpYsNGMoOqjzMGQWfR5FKOzrpGPhLqQmnHEqY%2Bakgpmw&pvid=11_27.38.9.129_425_1456659257462', 1, 1456663160, '2', 0, '520267888379', 16),
(106, '童装女童外套冬装2015新款中大童儿童中长款保暖加厚毛呢子呢大衣', '149', '246', 'Uploads/thumb/2016-02-28/0.45214800 1456663160.jpg', 'Uploads/images/2016-02-28/0.45214800 1456663160.jpg', 'http://s.click.taobao.com/t?e=m%3D2%26s%3D1hpjOU8%2FktgcQipKwQzePOeEDrYVVa64K7Vc7tFgwiHjf2vlNIV67iSPhcs7V1bIJYccVKkURIirEhpkuGn0OcHUXd%2BjTogB1%2FsVzflvh01UwmEI0FVwgxFLCsB3NlS%2F7aAcFtvXUVro%2BIDmGjnUQcYMXU3NNCg%2F&pvid=11_27.38.9.129_425_1456659257462', 1, 1456663160, '2', 0, '523377657820', 16),
(107, '乐都特女童毛衣 童装纯棉印花中大童针织衫2016春新款 KP3321', '89', '158', 'Uploads/thumb/2016-02-28/0.99187000 1456663160.jpg', 'Uploads/images/2016-02-28/0.99187000 1456663160.jpg', 'http://s.click.taobao.com/t?e=m%3D2%26s%3DuUcIsYYShiUcQipKwQzePOeEDrYVVa64K7Vc7tFgwiHjf2vlNIV67iSPhcs7V1bIJYccVKkURIirEhpkuGn0OcHUXd%2BjTogB1%2FsVzflvh01lutpqQFssRy7xlpjGe2Wp2TWdz9Kk0Nx2Uq0ksPJrz3EqY%2Bakgpmw&pvid=11_27.38.9.129_425_1456659257462', 1, 1456663161, '4', 0, '523282138203', 16),
(108, '麦米麦卡童装大男童春装套装2016春中大童儿童运动休闲卫衣两件套', '128', '216', 'Uploads/thumb/2016-02-28/0.54664000 1456663161.jpg', 'Uploads/images/2016-02-28/0.54664000 1456663161.jpg', 'http://s.click.taobao.com/t?e=m%3D2%26s%3DbktuDPIT0KQcQipKwQzePOeEDrYVVa64K7Vc7tFgwiHjf2vlNIV67iSPhcs7V1bIJYccVKkURIirEhpkuGn0OcHUXd%2BjTogB1%2FsVzflvh01UwmEI0FVwg7jTtzXxIjQDWEakuphM2UGk0NMfsyMJusYMXU3NNCg%2F&pvid=11_27.38.9.129_425_1456659257462', 1, 1456663161, '3', 0, '521752652960', 16),
(109, '男童毛呢外套秋冬新款中长款儿童呢大衣小男孩童装韩版呢风衣外套', '139', '216', 'Uploads/thumb/2016-02-28/0.63009600 1456663162.jpg', 'Uploads/images/2016-02-28/0.63009600 1456663162.jpg', 'http://s.click.taobao.com/t?e=m%3D2%26s%3DwlycUEx8%2BXscQipKwQzePOeEDrYVVa64K7Vc7tFgwiHjf2vlNIV67iSPhcs7V1bIJYccVKkURIirEhpkuGn0OcHUXd%2BjTogB1%2FsVzflvh01UwmEI0FVwgxstLASiPyx0IwqIjxY8t9A9A1xAwcCgvcYMXU3NNCg%2F&pvid=11_27.38.9.129_425_1456659257462', 1, 1456663162, '10', 0, '521512655683', 16),
(110, '10大童装女装春装2016女童卫衣两件套12运动13青少年女孩套装15岁', '118', '201', 'Uploads/thumb/2016-02-28/0.84095800 1456663163.jpg', 'Uploads/images/2016-02-28/0.84095800 1456663163.jpg', 'http://s.click.taobao.com/t?e=m%3D2%26s%3Dm4w%2BEJLenZwcQipKwQzePOeEDrYVVa64K7Vc7tFgwiHjf2vlNIV67iSPhcs7V1bIJYccVKkURIirEhpkuGn0OcHUXd%2BjTogB1%2FsVzflvh03ljr4QGBUROu4BWfrmJhNjQQhjbaPxG%2ByWZU8gTCOgnMYMXU3NNCg%2F&pvid=11_27.38.9.129_425_1456659257462', 1, 1456663163, '7', 0, '524012979218', 16),
(111, '童装春装2016儿童公主礼服女童连衣裙花童大童女孩小孩蓬蓬纱裙子', '89', '173', 'Uploads/thumb/2016-02-28/0.59335800 1456663164.jpg', 'Uploads/images/2016-02-28/0.59335800 1456663164.jpg', 'http://s.click.taobao.com/t?e=m%3D2%26s%3DgHHAAFo2NFgcQipKwQzePOeEDrYVVa64K7Vc7tFgwiHjf2vlNIV67iSPhcs7V1bIJYccVKkURIirEhpkuGn0OcHUXd%2BjTogB1%2FsVzflvh03ljr4QGBUROmc9BHRcuXPEEr3kNLD7yf85M6rARO3fnnEqY%2Bakgpmw&pvid=11_27.38.9.129_425_1456659257462', 1, 1456663164, '3', 0, '45637163362', 16),
(112, '男童加绒卫衣三件套装 冬季婴儿童装棉衣服潮宝宝加厚秋冬装外套', '128', '219', 'Uploads/thumb/2016-02-28/0.70289700 1456663165.jpg', 'Uploads/images/2016-02-28/0.70289700 1456663165.jpg', 'http://s.click.taobao.com/t?e=m%3D2%26s%3DLYCKMaqpYEkcQipKwQzePOeEDrYVVa64K7Vc7tFgwiHjf2vlNIV67iSPhcs7V1bIJYccVKkURIirEhpkuGn0OcHUXd%2BjTogB1%2FsVzflvh01UwmEI0FVwg2bAwHNd5ANda12WVz44luwTyl1k1lUO8MYMXU3NNCg%2F&pvid=11_27.38.9.129_425_1456659257462', 1, 1456663165, '2', 0, '522625212238', 17),
(113, '童装男童2016儿童冬装针织衫中小童女童冬季加厚毛衫加绒套头毛衣', '89', '167', 'Uploads/thumb/2016-02-28/0.57668400 1456663166.jpg', 'Uploads/images/2016-02-28/0.57668400 1456663166.jpg', 'http://s.click.taobao.com/t?e=m%3D2%26s%3DcLJL7xTug4YcQipKwQzePOeEDrYVVa64K7Vc7tFgwiHjf2vlNIV67iSPhcs7V1bIJYccVKkURIirEhpkuGn0OcHUXd%2BjTogB1%2FsVzflvh01UwmEI0FVwg48L%2BJnGnVKdRDF4J6gIhpWGzLBXo3vGJ8YMXU3NNCg%2F&pvid=11_27.38.9.129_425_1456659257462', 1, 1456663166, '3', 0, '524076412620', 17),
(114, '秋冬装女童毛呢外套欧美范中长款格子西装领加厚儿童装呢子大衣', '99', '206', 'Uploads/thumb/2016-02-28/0.26688600 1456663167.jpg', 'Uploads/images/2016-02-28/0.26688600 1456663167.jpg', 'http://s.click.taobao.com/t?e=m%3D2%26s%3DQ8rYEggL5OscQipKwQzePOeEDrYVVa64K7Vc7tFgwiHjf2vlNIV67iSPhcs7V1bIJYccVKkURIirEhpkuGn0OcHUXd%2BjTogB1%2FsVzflvh01rW1cppaAEq2kTgLpTpUD1NYGzJvqGJBP6%2FRvqJaH2C3EqY%2Bakgpmw&pvid=11_27.38.9.129_425_1456659257462', 1, 1456663167, '2', 0, '521871448678', 17),
(115, '童装女童冬装棉衣2015新款加厚冬季中长款女宝宝棉袄儿童棉服外套', '149', '209', 'Uploads/thumb/2016-02-28/0.87582800 1456663167.jpg', 'Uploads/images/2016-02-28/0.87582800 1456663167.jpg', 'http://s.click.taobao.com/t?e=m%3D2%26s%3DIfSt%2BSaIi6IcQipKwQzePOeEDrYVVa64K7Vc7tFgwiHjf2vlNIV67iSPhcs7V1bIJYccVKkURIirEhpkuGn0OcHUXd%2BjTogB1%2FsVzflvh01UwmEI0FVwg%2BTC3kFwxx8FvQXAt6Z%2BeRyXlJ3kxoUTGsYMXU3NNCg%2F&pvid=11_27.38.9.129_425_1456659257462', 1, 1456663168, '7', 0, '522942867737', 17),
(116, '2016夏装新款童装女童连衣裙春装儿童裙子公主裙蓬蓬礼服演出服', '98', '200', 'Uploads/thumb/2016-02-28/0.47674500 1456663168.jpg', 'Uploads/images/2016-02-28/0.47674500 1456663168.jpg', 'http://s.click.taobao.com/t?e=m%3D2%26s%3Du4SKNdXRRfgcQipKwQzePOeEDrYVVa64K7Vc7tFgwiHjf2vlNIV67iSPhcs7V1bIJYccVKkURIirEhpkuGn0OcHUXd%2BjTogB1%2FsVzflvh01lutpqQFssR3Z8E6Z%2BH%2FJIMmc%2BtppPcz8KGw7Nf7P5JSGFCzYOOqAQ&pvid=11_27.38.9.129_425_1456659257462', 1, 1456663168, '2', 0, '44474557653', 17),
(117, '丽婴房童装宝宝纯棉连帽外套马卡龙色男女童上衣加绒加厚2016春', '89', '179', 'Uploads/thumb/2016-02-28/0.25240900 1456663170.jpg', 'Uploads/images/2016-02-28/0.25240900 1456663170.jpg', 'http://s.click.taobao.com/t?e=m%3D2%26s%3DhteSutZUAK0cQipKwQzePOeEDrYVVa64K7Vc7tFgwiHjf2vlNIV67iSPhcs7V1bIJYccVKkURIirEhpkuGn0OcHUXd%2BjTogB1%2FsVzflvh01UwmEI0FVwg61AbQ5Tg4N4ma3um18TL2kX0CIJXdWzVcYMXU3NNCg%2F&pvid=11_27.38.9.129_425_1456659257462', 1, 1456663170, '2', 0, '520942410242', 17),
(118, '女童婴儿童装加绒卫衣三件套女宝宝冬装套装加厚棉衣冬季1-2-3岁', '88', '194', 'Uploads/thumb/2016-02-28/0.70284600 1456663170.jpg', 'Uploads/images/2016-02-28/0.70284600 1456663170.jpg', 'http://s.click.taobao.com/t?e=m%3D2%26s%3D6MQzWupYRowcQipKwQzePOeEDrYVVa64K7Vc7tFgwiHjf2vlNIV67iSPhcs7V1bIJYccVKkURIirEhpkuGn0OcHUXd%2BjTogB1%2FsVzflvh03ljr4QGBUROkrfET%2FAhIHZ8ihBHzILree9Hu%2BtLb4XqnEqY%2Bakgpmw&pvid=11_27.38.9.129_425_1456659257462', 1, 1456663170, '7', 0, '43252941695', 17),
(119, '丽婴房儿童保暖内衣套装纯棉空气层婴儿宝宝加厚童装婴儿衣服冬', '99', '165', 'Uploads/thumb/2016-02-28/0.04192800 1456663171.jpg', 'Uploads/images/2016-02-28/0.04192800 1456663171.jpg', 'http://s.click.taobao.com/t?e=m%3D2%26s%3D%2FkI9WZhHC3QcQipKwQzePOeEDrYVVa64K7Vc7tFgwiHjf2vlNIV67iSPhcs7V1bIJYccVKkURIirEhpkuGn0OcHUXd%2BjTogB1%2FsVzflvh01UwmEI0FVwg61AbQ5Tg4N4NprYJyzCejYRNSuYmar0SHEqY%2Bakgpmw&pvid=11_27.38.9.129_425_1456659257462', 1, 1456663171, '2', 0, '40155834032', 17),
(120, '2015韩版童装女童冬装棉衣韩版棉服加厚宝宝棉袄中小童蝴蝶结外套', '68', '164', 'Uploads/thumb/2016-02-28/0.25460600 1456663171.jpg', 'Uploads/images/2016-02-28/0.25460600 1456663171.jpg', 'http://s.click.taobao.com/t?e=m%3D2%26s%3DFy%2FjyVn%2BvJocQipKwQzePOeEDrYVVa64K7Vc7tFgwiHjf2vlNIV67iSPhcs7V1bIJYccVKkURIirEhpkuGn0OcHUXd%2BjTogB1%2FsVzflvh03ljr4QGBUROuPs3yFdK5AbQNeJ%2BUGQA8VRxK9OvQ91zcYMXU3NNCg%2F&pvid=11_27.38.9.129_425_1456659257462', 1, 1456663171, '7', 0, '522728855282', 1),
(121, '男童冬装棉服外套 童装2015儿童中长款棉衣两件套宝宝冬款棉袄潮', '188', '256', 'Uploads/thumb/2016-02-28/0.75740000 1456663172.jpg', 'Uploads/images/2016-02-28/0.75740000 1456663172.jpg', 'http://s.click.taobao.com/t?e=m%3D2%26s%3DwTFQeuU4kEEcQipKwQzePOeEDrYVVa64K7Vc7tFgwiHjf2vlNIV67iSPhcs7V1bIJYccVKkURIirEhpkuGn0OcHUXd%2BjTogB1%2FsVzflvh03ljr4QGBUROrb15pXXej8V3V4NBfkhbYSO%2BZhy2BVWcsYMXU3NNCg%2F&pvid=11_27.38.9.129_425_1456659257462', 1, 1456663172, '6', 0, '523940957309', 1),
(122, '船鼠女童加绒连衣裙长袖秋冬韩版童装儿童裙子蕾丝公主裙加厚纱裙', '119', '207', 'Uploads/thumb/2016-02-28/0.66730200 1456663173.jpg', 'Uploads/images/2016-02-28/0.66730200 1456663173.jpg', 'http://s.click.taobao.com/t?e=m%3D2%26s%3DLvVnPBI%2BXmYcQipKwQzePOeEDrYVVa64K7Vc7tFgwiHjf2vlNIV67iSPhcs7V1bIJYccVKkURIirEhpkuGn0OcHUXd%2BjTogB1%2FsVzflvh01UwmEI0FVwg%2BEbZIf6G0pae9IEDp1U6jUCIQ5OsZhxrcYMXU3NNCg%2F&pvid=11_27.38.9.129_425_1456659257462', 1, 1456663173, '2', 0, '522670524976', 1),
(123, '小彩人童装2016春装新款女童套装长袖T恤+儿童打底裤两件套春秋款', '99', '192', 'Uploads/thumb/2016-02-28/0.12777100 1456663174.jpg', 'Uploads/images/2016-02-28/0.12777100 1456663174.jpg', 'http://s.click.taobao.com/t?e=m%3D2%26s%3DFSuMbA4eXQccQipKwQzePOeEDrYVVa64K7Vc7tFgwiHjf2vlNIV67iSPhcs7V1bIJYccVKkURIirEhpkuGn0OcHUXd%2BjTogB1%2FsVzflvh03tWFx0Y8VGe%2B91ZT3%2Foy92Iz8pw%2B3%2FW4HZPZS25cN03yGFCzYOOqAQ&pvid=11_27.38.9.129_425_1456659257462', 1, 1456663174, '3', 0, '37313807037', 1),
(124, '女童连衣裙2016童装春装韩版儿童长袖连衣裙女大童公主裙大童女装', '89', '160', 'Uploads/thumb/2016-02-28/0.80192100 1456663174.jpg', 'Uploads/images/2016-02-28/0.80192100 1456663174.jpg', 'http://s.click.taobao.com/t?e=m%3D2%26s%3D4WxEODnNV7wcQipKwQzePOeEDrYVVa64K7Vc7tFgwiHjf2vlNIV67iSPhcs7V1bIJYccVKkURIirEhpkuGn0OcHUXd%2BjTogB1%2FsVzflvh01UwmEI0FVwg%2BZB6JXmWaEDekEpd0lvYQq35V96AvOIicYMXU3NNCg%2F&pvid=11_27.38.9.129_425_1456659257462', 1, 1456663174, '3', 0, '521505138166', 1),
(125, '【奢华精品真兔毛】童装2015冬装新款女童加厚大衣毛毛衣皮草外套', '169', '261', 'Uploads/thumb/2016-02-28/0.22527200 1456663175.jpg', 'Uploads/images/2016-02-28/0.22527200 1456663175.jpg', 'http://s.click.taobao.com/t?e=m%3D2%26s%3DYvZmRox8OWYcQipKwQzePOeEDrYVVa64K7Vc7tFgwiHjf2vlNIV67iSPhcs7V1bIJYccVKkURIirEhpkuGn0OcHUXd%2BjTogB1%2FsVzflvh01UwmEI0FVwg2vgKD8i4vOGgVEyzavhw3Ed35epXCUYC8YMXU3NNCg%2F&pvid=11_27.38.9.129_425_1456659257462', 1, 1456663175, '2', 0, '524797438629', 1),
(126, '春秋款园服男童三件套宝宝卫衣大小儿童装纯棉衣服卡通外套装春装', '96', '189', 'Uploads/thumb/2016-02-28/0.61250700 1456663175.jpg', 'Uploads/images/2016-02-28/0.61250700 1456663175.jpg', 'http://s.click.taobao.com/t?e=m%3D2%26s%3D%2Bprg1bXHAXMcQipKwQzePOeEDrYVVa64K7Vc7tFgwiHjf2vlNIV67iSPhcs7V1bIJYccVKkURIirEhpkuGn0OcHUXd%2BjTogB1%2FsVzflvh03ljr4QGBUROgjvgC0qMDAfBsFl9uKQjTteEPqNUi4sU8YMXU3NNCg%2F&pvid=11_27.38.9.129_425_1456659257462', 1, 1456663175, '7', 0, '523250319778', 1),
(127, '丽兰朵女童礼服裙花童礼服长裙童装晚礼服儿童演出服长款婚纱秋冬', '188', '297', 'Uploads/thumb/2016-02-28/0.96563300 1456663175.jpg', 'Uploads/images/2016-02-28/0.96563300 1456663175.jpg', 'http://s.click.taobao.com/t?e=m%3D2%26s%3D%2FbJ8DuofSlIcQipKwQzePOeEDrYVVa64K7Vc7tFgwiHjf2vlNIV67iSPhcs7V1bIJYccVKkURIirEhpkuGn0OcHUXd%2BjTogB1%2FsVzflvh01UwmEI0FVwg5biCewkN%2BIZYJnu0GNSa0FStdpDaDCQLsYMXU3NNCg%2F&pvid=11_27.38.9.129_425_1456659257462', 1, 1456663176, '2', 0, '522995824729', 1),
(128, '【商场同款】波司登2015新款保暖羽绒背心儿童羽绒服童装羽绒马甲', '99', '200', 'Uploads/thumb/2016-02-28/0.15944100 1456663177.jpg', 'Uploads/images/2016-02-28/0.15944100 1456663177.jpg', 'http://s.click.taobao.com/t?e=m%3D2%26s%3D0qOcIPmtPkMcQipKwQzePOeEDrYVVa64K7Vc7tFgwiHjf2vlNIV67iSPhcs7V1bIJYccVKkURIirEhpkuGn0OcHUXd%2BjTogB1%2FsVzflvh03ljr4QGBUROkMIJQ4OE90X%2BRhPtJGLnZNAyHZmaFlw%2B8YMXU3NNCg%2F&pvid=11_27.38.9.129_425_1456659257462', 1, 1456663177, '7', 0, '522628368640', 1),
(129, '安塞尔斯童装新款男童女童冬装外套儿童休闲帽衫宝宝抓绒外出服', '99', '164', 'Uploads/thumb/2016-02-28/0.47745600 1456663177.jpg', 'Uploads/images/2016-02-28/0.47745600 1456663177.jpg', 'http://s.click.taobao.com/t?e=m%3D2%26s%3DJPHkh9x2XHEcQipKwQzePOeEDrYVVa64K7Vc7tFgwiHjf2vlNIV67iSPhcs7V1bIJYccVKkURIirEhpkuGn0OcHUXd%2BjTogB1%2FsVzflvh03PVoEML%2BRmVoDN%2FT8LVIinPSuY6MAVXmJmQkEG7xJsx3EqY%2Bakgpmw&pvid=11_27.38.9.129_425_1456659257462', 1, 1456663177, '2', 0, '522021866380', 1),
(130, '男童外套春秋装2016新款童装外套韩版潮中大童连帽冲锋衣儿童上衣', '89', '168', 'Uploads/thumb/2016-02-28/0.96601400 1456663177.jpg', 'Uploads/images/2016-02-28/0.96601400 1456663177.jpg', 'http://s.click.taobao.com/t?e=m%3D2%26s%3DAKfqtomgJ1QcQipKwQzePOeEDrYVVa64K7Vc7tFgwiHjf2vlNIV67iSPhcs7V1bIJYccVKkURIirEhpkuGn0OcHUXd%2BjTogB1%2FsVzflvh03ljr4QGBUROsS39Ssx%2BbGMWMq4%2FDBgQluyoFyOykg%2FwcYMXU3NNCg%2F&pvid=11_27.38.9.129_425_1456659257462', 1, 1456663178, '3', 0, '524533248637', 1);

-- --------------------------------------------------------

--
-- 表的结构 `bgw_position`
--

CREATE TABLE IF NOT EXISTS `bgw_position` (
  `pid` int(11) NOT NULL AUTO_INCREMENT COMMENT '位置',
  `p_name` varchar(20) NOT NULL COMMENT '位置名称',
  `p_status` tinyint(4) NOT NULL COMMENT '0下架，1上架',
  `p_addtime` int(11) NOT NULL COMMENT '添加时间',
  PRIMARY KEY (`pid`)
) ENGINE=InnoDB  DEFAULT CHARSET=utf8 AUTO_INCREMENT=10 ;

--
-- 转存表中的数据 `bgw_position`
--

INSERT INTO `bgw_position` (`pid`, `p_name`, `p_status`, `p_addtime`) VALUES
(1, '首页商品', 1, 0),
(2, '首页banner', 1, 0),
(3, '首页品牌', 1, 0),
(4, '首页精选店铺', 1, 0),
(5, '首页其他推荐', 1, 0),
(6, '上衣', 1, 0),
(7, '美妆必备', 1, 0),
(8, '裤子', 1, 0),
(9, '饰品汇', 1, 0);

-- --------------------------------------------------------

--
-- 表的结构 `bgw_user`
--

CREATE TABLE IF NOT EXISTS `bgw_user` (
  `uid` int(11) NOT NULL AUTO_INCREMENT,
  `uname` varchar(12) NOT NULL COMMENT '用户名',
  `pwd` char(32) NOT NULL COMMENT '密码',
  `addtime` int(11) NOT NULL COMMENT '注册时间',
  `lastLoginTime` datetime NOT NULL COMMENT '最后登录时间',
  PRIMARY KEY (`uid`)
) ENGINE=InnoDB DEFAULT CHARSET=utf8 AUTO_INCREMENT=1 ;

/*!40101 SET CHARACTER_SET_CLIENT=@OLD_CHARACTER_SET_CLIENT */;
/*!40101 SET CHARACTER_SET_RESULTS=@OLD_CHARACTER_SET_RESULTS */;
/*!40101 SET COLLATION_CONNECTION=@OLD_COLLATION_CONNECTION */;
